subid,revealed,lapses,replied,model,n_repeat,prop
125,126,13,126,full,1,1
119,287,39,287,full,1,1
133,321,17,321,full,1,1
114,335,0,335,full,1,1
26,329,46,329,full,1,1
149,328,26,328,full,1,1
98,330,0,330,full,1,1
97,320,6,320,full,1,1
108,334,0,334,full,1,1
126,342,0,342,full,1,1
89,357,0,357,full,1,1
116,140,5,140,full,1,1
113,270,0,270,full,1,1
72,348,0,348,full,1,1
148,285,1,285,full,1,1
117,291,0,291,full,1,1
22,180,0,180,full,1,1
110,279,0,279,full,1,1
36,333,4,333,full,1,1
55,325,2,325,full,1,1
30,338,19,338,full,1,1
69,122,16,122,full,1,1
104,297,0,297,full,1,1
50,352,2,352,full,1,1
93,324,15,324,full,1,1
145,268,0,268,full,1,1
17,296,2,296,full,1,1
143,328,0,328,full,1,1
34,325,63,325,full,1,1
78,314,0,314,full,1,1
150,334,1,334,full,1,1
128,307,0,307,full,1,1
37,284,9,284,full,1,1
49,254,8,254,full,1,1
77,268,0,268,full,1,1
61,304,0,304,full,1,1
19,262,0,262,full,1,1
121,259,3,259,full,1,1
90,212,0,212,full,1,1
146,262,5,262,full,1,1
112,162,0,162,full,1,1
132,61,0,61,full,1,1
57,338,0,338,full,1,1
47,101,0,101,full,1,1
58,128,1,128,full,1,1
29,335,0,335,full,1,1
32,338,0,338,full,1,1
65,267,2,267,full,1,1
91,338,26,338,full,1,1
84,242,0,242,full,1,1
111,248,0,248,full,1,1
70,263,10,263,full,1,1
42,296,1,296,full,1,1
14,154,0,154,full,1,1
62,264,1,264,full,1,1
59,272,8,272,full,1,1
0,177,0,177,full,1,1
43,278,1,278,full,1,1
83,324,0,324,full,1,1
94,332,0,332,full,1,1
134,312,6,312,full,1,1
45,200,0,200,full,1,1
102,374,1,374,full,1,1
124,132,16,132,full,1,1
52,324,1,324,full,1,1
56,300,55,300,full,1,1
27,305,3,305,full,1,1
137,252,19,252,full,1,1
130,357,1,357,full,1,1
28,269,10,269,full,1,1
35,344,16,344,full,1,1
73,243,28,243,full,1,1
95,98,3,98,full,1,1
80,264,22,264,full,1,1
23,311,0,311,full,1,1
48,349,7,349,full,1,1
131,184,3,184,full,1,1
122,321,18,321,full,1,1
74,330,108,330,full,1,1
46,285,0,285,full,1,1
99,232,13,232,full,1,1
82,236,0,236,full,1,1
51,190,4,190,full,1,1
88,300,1,300,full,1,1
38,355,31,355,full,1,1
1,280,5,280,full,1,1
86,188,0,188,full,1,1
12,303,2,303,full,1,1
66,332,0,332,full,1,1
109,250,0,250,full,1,1
11,329,0,329,full,1,1
96,348,5,348,full,1,1
15,316,0,316,full,1,1
135,408,0,408,full,1,1
41,221,4,221,full,1,1
105,343,7,343,full,1,1
67,282,19,282,full,1,1
10,253,10,253,full,1,1
2,338,9,338,full,1,1
7,235,19,235,full,1,1
100,344,0,344,full,1,1
101,265,0,265,full,1,1
92,177,0,177,full,1,1
71,371,10,371,full,1,1
147,328,0,328,full,1,1
39,207,28,207,full,1,1
103,320,0,320,full,1,1
31,231,24,231,full,1,1
138,336,0,336,full,1,1
118,200,0,200,full,1,1
75,302,0,302,full,1,1
115,170,0,170,full,1,1
54,310,1,310,full,1,1
79,343,0,343,full,1,1
144,333,0,333,full,1,1
120,144,8,144,full,1,1
107,229,15,229,full,1,1
140,169,0,169,full,1,1
53,114,1,114,full,1,1
16,346,19,346,full,1,1
123,320,0,320,full,1,1
5,336,18,336,full,1,1
85,368,7,368,full,1,1
64,307,0,307,full,1,1
63,342,56,342,full,1,1
129,305,1,305,full,1,1
40,314,46,314,full,1,1
127,318,0,318,full,1,1
4,332,0,332,full,1,1
24,288,8,288,full,1,1
68,348,2,348,full,1,1
3,355,0,355,full,1,1
87,325,6,325,full,1,1
142,342,0,342,full,1,1
25,290,24,290,full,1,1
33,62,11,62,full,1,1
139,211,0,211,full,1,1
9,340,0,340,full,1,1
13,315,1,315,full,1,1
20,234,0,234,full,1,1
60,50,8,50,full,1,1
136,317,0,317,full,1,1
21,326,0,326,full,1,1
44,278,2,278,full,1,1
76,268,37,268,full,1,1
6,331,0,331,full,1,1
81,334,0,334,full,1,1
141,343,0,343,full,1,1
8,345,9,345,full,1,1
18,348,5,348,full,1,1
106,268,0,268,full,1,1
99,232,13,232,full,2,1
144,333,0,333,full,2,1
114,335,0,335,full,2,1
123,320,0,320,full,2,1
3,355,0,355,full,2,1
64,307,0,307,full,2,1
135,408,0,408,full,2,1
115,170,0,170,full,2,1
63,342,56,342,full,2,1
22,180,0,180,full,2,1
73,243,28,243,full,2,1
131,184,3,184,full,2,1
51,190,4,190,full,2,1
39,207,28,207,full,2,1
47,101,0,101,full,2,1
140,169,0,169,full,2,1
143,328,0,328,full,2,1
101,265,0,265,full,2,1
60,50,8,50,full,2,1
146,262,5,262,full,2,1
126,342,0,342,full,2,1
138,336,0,336,full,2,1
59,272,8,272,full,2,1
62,264,1,264,full,2,1
20,234,0,234,full,2,1
142,342,0,342,full,2,1
89,357,0,357,full,2,1
92,177,0,177,full,2,1
136,317,0,317,full,2,1
100,344,0,344,full,2,1
38,355,31,355,full,2,1
117,291,0,291,full,2,1
120,144,8,144,full,2,1
9,340,0,340,full,2,1
55,325,2,325,full,2,1
149,328,26,328,full,2,1
11,329,0,329,full,2,1
46,285,0,285,full,2,1
94,332,0,332,full,2,1
107,229,15,229,full,2,1
0,177,0,177,full,2,1
36,333,4,333,full,2,1
72,348,0,348,full,2,1
87,325,6,325,full,2,1
110,279,0,279,full,2,1
70,263,10,263,full,2,1
34,325,63,325,full,2,1
121,259,3,259,full,2,1
28,269,10,269,full,2,1
50,352,2,352,full,2,1
8,345,9,345,full,2,1
52,324,1,324,full,2,1
12,303,2,303,full,2,1
112,162,0,162,full,2,1
98,330,0,330,full,2,1
45,200,0,200,full,2,1
139,211,0,211,full,2,1
148,285,1,285,full,2,1
82,236,0,236,full,2,1
37,284,9,284,full,2,1
84,242,0,242,full,2,1
88,300,1,300,full,2,1
97,320,6,320,full,2,1
53,114,1,114,full,2,1
29,335,0,335,full,2,1
49,254,8,254,full,2,1
25,290,24,290,full,2,1
111,248,0,248,full,2,1
77,268,0,268,full,2,1
113,270,0,270,full,2,1
80,264,22,264,full,2,1
17,296,2,296,full,2,1
31,231,24,231,full,2,1
141,343,0,343,full,2,1
150,334,1,334,full,2,1
13,315,1,315,full,2,1
132,61,0,61,full,2,1
147,328,0,328,full,2,1
124,132,16,132,full,2,1
74,330,108,330,full,2,1
68,348,2,348,full,2,1
118,200,0,200,full,2,1
27,305,3,305,full,2,1
127,318,0,318,full,2,1
119,287,39,287,full,2,1
23,311,0,311,full,2,1
16,346,19,346,full,2,1
93,324,15,324,full,2,1
108,334,0,334,full,2,1
48,349,7,349,full,2,1
95,98,3,98,full,2,1
91,338,26,338,full,2,1
6,331,0,331,full,2,1
21,326,0,326,full,2,1
42,296,1,296,full,2,1
66,332,0,332,full,2,1
19,262,0,262,full,2,1
109,250,0,250,full,2,1
14,154,0,154,full,2,1
78,314,0,314,full,2,1
134,312,6,312,full,2,1
76,268,37,268,full,2,1
30,338,19,338,full,2,1
43,278,1,278,full,2,1
44,278,2,278,full,2,1
104,297,0,297,full,2,1
86,188,0,188,full,2,1
26,329,46,329,full,2,1
67,282,19,282,full,2,1
18,348,5,348,full,2,1
81,334,0,334,full,2,1
90,212,0,212,full,2,1
56,300,55,300,full,2,1
40,314,46,314,full,2,1
125,126,13,126,full,2,1
35,344,16,344,full,2,1
10,253,10,253,full,2,1
58,128,1,128,full,2,1
116,140,5,140,full,2,1
69,122,16,122,full,2,1
106,268,0,268,full,2,1
33,62,11,62,full,2,1
105,343,7,343,full,2,1
75,302,0,302,full,2,1
79,343,0,343,full,2,1
145,268,0,268,full,2,1
85,368,7,368,full,2,1
137,252,19,252,full,2,1
1,280,5,280,full,2,1
7,235,19,235,full,2,1
102,374,1,374,full,2,1
83,324,0,324,full,2,1
41,221,4,221,full,2,1
32,338,0,338,full,2,1
61,304,0,304,full,2,1
2,338,9,338,full,2,1
96,348,5,348,full,2,1
65,267,2,267,full,2,1
24,288,8,288,full,2,1
133,321,17,321,full,2,1
130,357,1,357,full,2,1
5,336,18,336,full,2,1
54,310,1,310,full,2,1
128,307,0,307,full,2,1
15,316,0,316,full,2,1
122,321,18,321,full,2,1
4,332,0,332,full,2,1
57,338,0,338,full,2,1
103,320,0,320,full,2,1
129,305,1,305,full,2,1
71,371,10,371,full,2,1
117,291,0,291,full,3,1
97,320,6,320,full,3,1
84,242,0,242,full,3,1
75,302,0,302,full,3,1
63,342,56,342,full,3,1
38,355,31,355,full,3,1
4,332,0,332,full,3,1
112,162,0,162,full,3,1
69,122,16,122,full,3,1
43,278,1,278,full,3,1
102,374,1,374,full,3,1
114,335,0,335,full,3,1
142,342,0,342,full,3,1
35,344,16,344,full,3,1
45,200,0,200,full,3,1
120,144,8,144,full,3,1
52,324,1,324,full,3,1
53,114,1,114,full,3,1
12,303,2,303,full,3,1
149,328,26,328,full,3,1
48,349,7,349,full,3,1
23,311,0,311,full,3,1
0,177,0,177,full,3,1
116,140,5,140,full,3,1
62,264,1,264,full,3,1
81,334,0,334,full,3,1
29,335,0,335,full,3,1
147,328,0,328,full,3,1
21,326,0,326,full,3,1
33,62,11,62,full,3,1
25,290,24,290,full,3,1
54,310,1,310,full,3,1
150,334,1,334,full,3,1
141,343,0,343,full,3,1
67,282,19,282,full,3,1
138,336,0,336,full,3,1
19,262,0,262,full,3,1
99,232,13,232,full,3,1
11,329,0,329,full,3,1
44,278,2,278,full,3,1
59,272,8,272,full,3,1
111,248,0,248,full,3,1
31,231,24,231,full,3,1
131,184,3,184,full,3,1
107,229,15,229,full,3,1
76,268,37,268,full,3,1
72,348,0,348,full,3,1
115,170,0,170,full,3,1
15,316,0,316,full,3,1
91,338,26,338,full,3,1
132,61,0,61,full,3,1
65,267,2,267,full,3,1
148,285,1,285,full,3,1
1,280,5,280,full,3,1
50,352,2,352,full,3,1
27,305,3,305,full,3,1
51,190,4,190,full,3,1
49,254,8,254,full,3,1
39,207,28,207,full,3,1
134,312,6,312,full,3,1
78,314,0,314,full,3,1
122,321,18,321,full,3,1
121,259,3,259,full,3,1
100,344,0,344,full,3,1
7,235,19,235,full,3,1
104,297,0,297,full,3,1
10,253,10,253,full,3,1
119,287,39,287,full,3,1
28,269,10,269,full,3,1
32,338,0,338,full,3,1
143,328,0,328,full,3,1
42,296,1,296,full,3,1
85,368,7,368,full,3,1
30,338,19,338,full,3,1
108,334,0,334,full,3,1
86,188,0,188,full,3,1
93,324,15,324,full,3,1
90,212,0,212,full,3,1
9,340,0,340,full,3,1
144,333,0,333,full,3,1
46,285,0,285,full,3,1
16,346,19,346,full,3,1
22,180,0,180,full,3,1
3,355,0,355,full,3,1
13,315,1,315,full,3,1
109,250,0,250,full,3,1
34,325,63,325,full,3,1
70,263,10,263,full,3,1
60,50,8,50,full,3,1
94,332,0,332,full,3,1
5,336,18,336,full,3,1
98,330,0,330,full,3,1
18,348,5,348,full,3,1
95,98,3,98,full,3,1
137,252,19,252,full,3,1
110,279,0,279,full,3,1
8,345,9,345,full,3,1
66,332,0,332,full,3,1
26,329,46,329,full,3,1
41,221,4,221,full,3,1
36,333,4,333,full,3,1
80,264,22,264,full,3,1
83,324,0,324,full,3,1
17,296,2,296,full,3,1
6,331,0,331,full,3,1
96,348,5,348,full,3,1
40,314,46,314,full,3,1
103,320,0,320,full,3,1
145,268,0,268,full,3,1
37,284,9,284,full,3,1
64,307,0,307,full,3,1
58,128,1,128,full,3,1
88,300,1,300,full,3,1
113,270,0,270,full,3,1
106,268,0,268,full,3,1
123,320,0,320,full,3,1
146,262,5,262,full,3,1
57,338,0,338,full,3,1
89,357,0,357,full,3,1
73,243,28,243,full,3,1
92,177,0,177,full,3,1
128,307,0,307,full,3,1
127,318,0,318,full,3,1
2,338,9,338,full,3,1
136,317,0,317,full,3,1
82,236,0,236,full,3,1
77,268,0,268,full,3,1
71,371,10,371,full,3,1
124,132,16,132,full,3,1
139,211,0,211,full,3,1
133,321,17,321,full,3,1
79,343,0,343,full,3,1
125,126,13,126,full,3,1
126,342,0,342,full,3,1
56,300,55,300,full,3,1
130,357,1,357,full,3,1
20,234,0,234,full,3,1
24,288,8,288,full,3,1
101,265,0,265,full,3,1
129,305,1,305,full,3,1
74,330,108,330,full,3,1
68,348,2,348,full,3,1
55,325,2,325,full,3,1
140,169,0,169,full,3,1
61,304,0,304,full,3,1
14,154,0,154,full,3,1
118,200,0,200,full,3,1
87,325,6,325,full,3,1
105,343,7,343,full,3,1
47,101,0,101,full,3,1
135,408,0,408,full,3,1
125,48,9,126,lv1,1,0.38095238095238093
119,125,31,287,lv1,1,0.4355400696864111
133,138,17,321,lv1,1,0.42990654205607476
114,133,0,335,lv1,1,0.3970149253731343
26,140,43,329,lv1,1,0.425531914893617
149,138,24,328,lv1,1,0.42073170731707316
98,141,0,330,lv1,1,0.42727272727272725
97,119,6,320,lv1,1,0.371875
108,130,0,334,lv1,1,0.38922155688622756
126,127,0,342,lv1,1,0.3713450292397661
89,148,0,357,lv1,1,0.41456582633053224
116,57,5,140,lv1,1,0.40714285714285714
113,86,0,270,lv1,1,0.31851851851851853
72,140,0,348,lv1,1,0.40229885057471265
148,118,1,285,lv1,1,0.41403508771929826
117,135,0,291,lv1,1,0.4639175257731959
22,70,0,180,lv1,1,0.3888888888888889
110,131,0,279,lv1,1,0.46953405017921146
36,134,4,333,lv1,1,0.4024024024024024
55,115,2,325,lv1,1,0.35384615384615387
30,137,19,338,lv1,1,0.40532544378698226
69,51,11,122,lv1,1,0.4180327868852459
104,141,0,297,lv1,1,0.47474747474747475
50,154,2,352,lv1,1,0.4375
93,143,12,324,lv1,1,0.44135802469135804
145,96,0,268,lv1,1,0.3582089552238806
17,122,2,296,lv1,1,0.41216216216216217
143,128,0,328,lv1,1,0.3902439024390244
34,142,50,325,lv1,1,0.4369230769230769
78,122,0,314,lv1,1,0.3885350318471338
150,128,1,334,lv1,1,0.38323353293413176
128,106,0,307,lv1,1,0.34527687296416937
37,86,7,284,lv1,1,0.3028169014084507
49,103,8,254,lv1,1,0.40551181102362205
77,90,0,268,lv1,1,0.3358208955223881
61,72,0,304,lv1,1,0.23684210526315788
19,87,0,262,lv1,1,0.3320610687022901
121,91,3,259,lv1,1,0.35135135135135137
90,69,0,212,lv1,1,0.32547169811320753
146,108,5,262,lv1,1,0.4122137404580153
112,47,0,162,lv1,1,0.29012345679012347
132,23,0,61,lv1,1,0.3770491803278688
57,114,0,338,lv1,1,0.33727810650887574
47,36,0,101,lv1,1,0.3564356435643564
58,45,1,128,lv1,1,0.3515625
29,123,0,335,lv1,1,0.36716417910447763
32,147,0,338,lv1,1,0.4349112426035503
65,103,2,267,lv1,1,0.3857677902621723
91,146,24,338,lv1,1,0.4319526627218935
84,96,0,242,lv1,1,0.39669421487603307
111,100,0,248,lv1,1,0.4032258064516129
70,120,10,263,lv1,1,0.45627376425855515
42,106,1,296,lv1,1,0.3581081081081081
14,63,0,154,lv1,1,0.4090909090909091
62,94,1,264,lv1,1,0.3560606060606061
59,114,8,272,lv1,1,0.41911764705882354
0,73,0,177,lv1,1,0.4124293785310734
43,110,1,278,lv1,1,0.39568345323741005
83,146,0,324,lv1,1,0.4506172839506173
94,126,0,332,lv1,1,0.3795180722891566
134,138,5,312,lv1,1,0.4423076923076923
45,68,0,200,lv1,1,0.34
102,137,1,374,lv1,1,0.3663101604278075
124,59,15,132,lv1,1,0.44696969696969696
52,112,1,324,lv1,1,0.345679012345679
56,148,44,300,lv1,1,0.49333333333333335
27,95,3,305,lv1,1,0.3114754098360656
137,104,19,252,lv1,1,0.4126984126984127
130,161,1,357,lv1,1,0.45098039215686275
28,117,10,269,lv1,1,0.4349442379182156
35,136,15,344,lv1,1,0.3953488372093023
73,97,27,243,lv1,1,0.3991769547325103
95,41,3,98,lv1,1,0.41836734693877553
80,131,21,264,lv1,1,0.4962121212121212
23,123,0,311,lv1,1,0.3954983922829582
48,138,6,349,lv1,1,0.3954154727793696
131,79,3,184,lv1,1,0.42934782608695654
122,149,18,321,lv1,1,0.46417445482866043
74,165,93,330,lv1,1,0.5
46,118,0,285,lv1,1,0.41403508771929826
99,98,13,232,lv1,1,0.4224137931034483
82,89,0,236,lv1,1,0.3771186440677966
51,83,4,190,lv1,1,0.4368421052631579
88,119,1,300,lv1,1,0.39666666666666667
38,162,29,355,lv1,1,0.4563380281690141
1,130,5,280,lv1,1,0.4642857142857143
86,65,0,188,lv1,1,0.34574468085106386
12,126,2,303,lv1,1,0.4158415841584158
66,126,0,332,lv1,1,0.3795180722891566
109,113,0,250,lv1,1,0.452
11,134,0,329,lv1,1,0.4072948328267477
96,128,5,348,lv1,1,0.367816091954023
15,117,0,316,lv1,1,0.370253164556962
135,143,0,408,lv1,1,0.35049019607843135
41,94,4,221,lv1,1,0.4253393665158371
105,129,7,343,lv1,1,0.3760932944606414
67,127,16,282,lv1,1,0.450354609929078
10,107,10,253,lv1,1,0.42292490118577075
2,146,8,338,lv1,1,0.4319526627218935
7,96,19,235,lv1,1,0.4085106382978723
100,127,0,344,lv1,1,0.3691860465116279
101,106,0,265,lv1,1,0.4
92,69,0,177,lv1,1,0.3898305084745763
71,152,10,371,lv1,1,0.40970350404312667
147,147,0,328,lv1,1,0.4481707317073171
39,84,25,207,lv1,1,0.4057971014492754
103,116,0,320,lv1,1,0.3625
31,87,18,231,lv1,1,0.37662337662337664
138,139,0,336,lv1,1,0.41369047619047616
118,76,0,200,lv1,1,0.38
75,121,0,302,lv1,1,0.40066225165562913
115,75,0,170,lv1,1,0.4411764705882353
54,122,1,310,lv1,1,0.3935483870967742
79,131,0,343,lv1,1,0.3819241982507289
144,132,0,333,lv1,1,0.3963963963963964
120,58,8,144,lv1,1,0.4027777777777778
107,84,13,229,lv1,1,0.36681222707423583
140,69,0,169,lv1,1,0.40828402366863903
53,44,1,114,lv1,1,0.38596491228070173
16,119,19,346,lv1,1,0.3439306358381503
123,124,0,320,lv1,1,0.3875
5,148,17,336,lv1,1,0.44047619047619047
85,147,7,368,lv1,1,0.39945652173913043
64,124,0,307,lv1,1,0.40390879478827363
63,137,51,342,lv1,1,0.40058479532163743
129,122,1,305,lv1,1,0.4
40,127,41,314,lv1,1,0.40445859872611467
127,140,0,318,lv1,1,0.44025157232704404
4,145,0,332,lv1,1,0.4367469879518072
24,116,7,288,lv1,1,0.4027777777777778
68,132,2,348,lv1,1,0.3793103448275862
3,152,0,355,lv1,1,0.428169014084507
87,116,4,325,lv1,1,0.3569230769230769
142,144,0,342,lv1,1,0.42105263157894735
25,109,22,290,lv1,1,0.3758620689655172
33,34,10,62,lv1,1,0.5483870967741935
139,86,0,211,lv1,1,0.4075829383886256
9,132,0,340,lv1,1,0.38823529411764707
13,87,1,315,lv1,1,0.2761904761904762
20,97,0,234,lv1,1,0.41452991452991456
60,19,6,50,lv1,1,0.38
136,116,0,317,lv1,1,0.3659305993690852
21,120,0,326,lv1,1,0.36809815950920244
44,122,2,278,lv1,1,0.43884892086330934
76,115,32,268,lv1,1,0.4291044776119403
6,147,0,331,lv1,1,0.44410876132930516
81,117,0,334,lv1,1,0.3502994011976048
141,128,0,343,lv1,1,0.37317784256559766
8,124,9,345,lv1,1,0.35942028985507246
18,151,5,348,lv1,1,0.4339080459770115
106,101,0,268,lv1,1,0.376865671641791
99,105,12,232,lv1,2,0.4525862068965517
144,129,0,333,lv1,2,0.38738738738738737
114,131,0,335,lv1,2,0.39104477611940297
123,125,0,320,lv1,2,0.390625
3,129,0,355,lv1,2,0.36338028169014086
64,118,0,307,lv1,2,0.38436482084690554
135,143,0,408,lv1,2,0.35049019607843135
115,66,0,170,lv1,2,0.38823529411764707
63,131,50,342,lv1,2,0.3830409356725146
22,80,0,180,lv1,2,0.4444444444444444
73,105,27,243,lv1,2,0.43209876543209874
131,85,3,184,lv1,2,0.46195652173913043
51,83,4,190,lv1,2,0.4368421052631579
39,90,27,207,lv1,2,0.43478260869565216
47,42,0,101,lv1,2,0.4158415841584158
140,58,0,169,lv1,2,0.3431952662721893
143,122,0,328,lv1,2,0.3719512195121951
101,108,0,265,lv1,2,0.4075471698113208
60,24,7,50,lv1,2,0.48
146,111,5,262,lv1,2,0.42366412213740456
126,135,0,342,lv1,2,0.39473684210526316
138,149,0,336,lv1,2,0.44345238095238093
59,123,8,272,lv1,2,0.4522058823529412
62,112,1,264,lv1,2,0.42424242424242425
20,94,0,234,lv1,2,0.4017094017094017
142,155,0,342,lv1,2,0.45321637426900585
89,136,0,357,lv1,2,0.38095238095238093
92,61,0,177,lv1,2,0.3446327683615819
136,128,0,317,lv1,2,0.4037854889589905
100,146,0,344,lv1,2,0.42441860465116277
38,152,29,355,lv1,2,0.428169014084507
117,98,0,291,lv1,2,0.33676975945017185
120,59,8,144,lv1,2,0.4097222222222222
9,135,0,340,lv1,2,0.39705882352941174
55,96,2,325,lv1,2,0.2953846153846154
149,140,25,328,lv1,2,0.4268292682926829
11,139,0,329,lv1,2,0.42249240121580545
46,100,0,285,lv1,2,0.3508771929824561
94,114,0,332,lv1,2,0.3433734939759036
107,96,13,229,lv1,2,0.4192139737991266
0,59,0,177,lv1,2,0.3333333333333333
36,130,4,333,lv1,2,0.39039039039039036
72,132,0,348,lv1,2,0.3793103448275862
87,131,6,325,lv1,2,0.40307692307692305
110,105,0,279,lv1,2,0.3763440860215054
70,115,10,263,lv1,2,0.4372623574144487
34,143,53,325,lv1,2,0.44
121,100,3,259,lv1,2,0.3861003861003861
28,124,10,269,lv1,2,0.46096654275092935
50,144,2,352,lv1,2,0.4090909090909091
8,146,9,345,lv1,2,0.42318840579710143
52,122,1,324,lv1,2,0.3765432098765432
12,116,2,303,lv1,2,0.38283828382838286
112,64,0,162,lv1,2,0.3950617283950617
98,135,0,330,lv1,2,0.4090909090909091
45,71,0,200,lv1,2,0.355
139,74,0,211,lv1,2,0.35071090047393366
148,125,1,285,lv1,2,0.43859649122807015
82,100,0,236,lv1,2,0.423728813559322
37,104,8,284,lv1,2,0.36619718309859156
84,100,0,242,lv1,2,0.4132231404958678
88,148,1,300,lv1,2,0.49333333333333335
97,128,6,320,lv1,2,0.4
53,47,1,114,lv1,2,0.41228070175438597
29,150,0,335,lv1,2,0.44776119402985076
49,121,8,254,lv1,2,0.4763779527559055
25,132,24,290,lv1,2,0.45517241379310347
111,108,0,248,lv1,2,0.43548387096774194
77,112,0,268,lv1,2,0.417910447761194
113,119,0,270,lv1,2,0.44074074074074077
80,130,19,264,lv1,2,0.49242424242424243
17,136,2,296,lv1,2,0.4594594594594595
31,106,22,231,lv1,2,0.4588744588744589
141,171,0,343,lv1,2,0.49854227405247814
150,149,1,334,lv1,2,0.44610778443113774
13,122,1,315,lv1,2,0.3873015873015873
132,28,0,61,lv1,2,0.45901639344262296
147,130,0,328,lv1,2,0.39634146341463417
124,51,11,132,lv1,2,0.38636363636363635
74,155,98,330,lv1,2,0.4696969696969697
68,150,2,348,lv1,2,0.43103448275862066
118,81,0,200,lv1,2,0.405
27,116,3,305,lv1,2,0.380327868852459
127,116,0,318,lv1,2,0.36477987421383645
119,123,31,287,lv1,2,0.42857142857142855
23,130,0,311,lv1,2,0.4180064308681672
16,131,19,346,lv1,2,0.3786127167630058
93,129,13,324,lv1,2,0.39814814814814814
108,129,0,334,lv1,2,0.38622754491017963
48,163,6,349,lv1,2,0.4670487106017192
95,39,3,98,lv1,2,0.3979591836734694
91,121,25,338,lv1,2,0.35798816568047337
6,130,0,331,lv1,2,0.39274924471299094
21,131,0,326,lv1,2,0.401840490797546
42,115,1,296,lv1,2,0.3885135135135135
66,118,0,332,lv1,2,0.35542168674698793
19,115,0,262,lv1,2,0.4389312977099237
109,93,0,250,lv1,2,0.372
14,65,0,154,lv1,2,0.42207792207792205
78,120,0,314,lv1,2,0.3821656050955414
134,124,5,312,lv1,2,0.3974358974358974
76,107,33,268,lv1,2,0.39925373134328357
30,139,18,338,lv1,2,0.41124260355029585
43,102,1,278,lv1,2,0.3669064748201439
44,105,2,278,lv1,2,0.3776978417266187
104,104,0,297,lv1,2,0.3501683501683502
86,72,0,188,lv1,2,0.3829787234042553
26,170,45,329,lv1,2,0.5167173252279635
67,125,16,282,lv1,2,0.4432624113475177
18,135,5,348,lv1,2,0.3879310344827586
81,131,0,334,lv1,2,0.39221556886227543
90,79,0,212,lv1,2,0.37264150943396224
56,146,49,300,lv1,2,0.4866666666666667
40,146,45,314,lv1,2,0.46496815286624205
125,54,13,126,lv1,2,0.42857142857142855
35,143,16,344,lv1,2,0.41569767441860467
10,103,10,253,lv1,2,0.40711462450592883
58,47,1,128,lv1,2,0.3671875
116,53,5,140,lv1,2,0.37857142857142856
69,57,14,122,lv1,2,0.4672131147540984
106,101,0,268,lv1,2,0.376865671641791
33,27,11,62,lv1,2,0.43548387096774194
105,148,6,343,lv1,2,0.4314868804664723
75,116,0,302,lv1,2,0.3841059602649007
79,128,0,343,lv1,2,0.37317784256559766
145,105,0,268,lv1,2,0.3917910447761194
85,145,5,368,lv1,2,0.39402173913043476
137,106,19,252,lv1,2,0.42063492063492064
1,109,5,280,lv1,2,0.3892857142857143
7,95,17,235,lv1,2,0.40425531914893614
102,150,1,374,lv1,2,0.40106951871657753
83,119,0,324,lv1,2,0.36728395061728397
41,98,4,221,lv1,2,0.4434389140271493
32,131,0,338,lv1,2,0.3875739644970414
61,149,0,304,lv1,2,0.4901315789473684
2,146,7,338,lv1,2,0.4319526627218935
96,135,5,348,lv1,2,0.3879310344827586
65,104,2,267,lv1,2,0.3895131086142322
24,122,7,288,lv1,2,0.4236111111111111
133,131,17,321,lv1,2,0.40809968847352024
130,178,1,357,lv1,2,0.49859943977591037
5,142,17,336,lv1,2,0.4226190476190476
54,135,1,310,lv1,2,0.43548387096774194
128,147,0,307,lv1,2,0.4788273615635179
15,116,0,316,lv1,2,0.3670886075949367
122,125,18,321,lv1,2,0.3894080996884735
4,149,0,332,lv1,2,0.44879518072289154
57,135,0,338,lv1,2,0.3994082840236686
103,117,0,320,lv1,2,0.365625
129,128,1,305,lv1,2,0.419672131147541
71,145,10,371,lv1,2,0.3908355795148248
117,124,0,291,lv1,3,0.4261168384879725
97,147,6,320,lv1,3,0.459375
84,101,0,242,lv1,3,0.41735537190082644
75,143,0,302,lv1,3,0.4735099337748344
63,172,51,342,lv1,3,0.5029239766081871
38,139,31,355,lv1,3,0.39154929577464787
4,147,0,332,lv1,3,0.4427710843373494
112,63,0,162,lv1,3,0.3888888888888889
69,51,14,122,lv1,3,0.4180327868852459
43,121,1,278,lv1,3,0.4352517985611511
102,176,1,374,lv1,3,0.47058823529411764
114,140,0,335,lv1,3,0.417910447761194
142,152,0,342,lv1,3,0.4444444444444444
35,135,16,344,lv1,3,0.39244186046511625
45,76,0,200,lv1,3,0.38
120,59,8,144,lv1,3,0.4097222222222222
52,135,1,324,lv1,3,0.4166666666666667
53,46,1,114,lv1,3,0.40350877192982454
12,115,2,303,lv1,3,0.3795379537953795
149,138,20,328,lv1,3,0.42073170731707316
48,158,7,349,lv1,3,0.45272206303724927
23,121,0,311,lv1,3,0.3890675241157556
0,66,0,177,lv1,3,0.3728813559322034
116,54,5,140,lv1,3,0.38571428571428573
62,115,1,264,lv1,3,0.4356060606060606
81,139,0,334,lv1,3,0.4161676646706587
29,123,0,335,lv1,3,0.36716417910447763
147,121,0,328,lv1,3,0.36890243902439024
21,119,0,326,lv1,3,0.36503067484662577
33,30,11,62,lv1,3,0.4838709677419355
25,141,23,290,lv1,3,0.4862068965517241
54,155,1,310,lv1,3,0.5
150,155,1,334,lv1,3,0.46407185628742514
141,157,0,343,lv1,3,0.4577259475218659
67,132,18,282,lv1,3,0.46808510638297873
138,143,0,336,lv1,3,0.4255952380952381
19,145,0,262,lv1,3,0.5534351145038168
99,127,12,232,lv1,3,0.5474137931034483
11,134,0,329,lv1,3,0.4072948328267477
44,113,2,278,lv1,3,0.4064748201438849
59,123,8,272,lv1,3,0.4522058823529412
111,111,0,248,lv1,3,0.4475806451612903
31,114,21,231,lv1,3,0.4935064935064935
131,83,3,184,lv1,3,0.45108695652173914
107,96,12,229,lv1,3,0.4192139737991266
76,114,35,268,lv1,3,0.4253731343283582
72,130,0,348,lv1,3,0.3735632183908046
115,61,0,170,lv1,3,0.3588235294117647
15,132,0,316,lv1,3,0.4177215189873418
91,140,20,338,lv1,3,0.41420118343195267
132,24,0,61,lv1,3,0.39344262295081966
65,123,2,267,lv1,3,0.4606741573033708
148,84,1,285,lv1,3,0.29473684210526313
1,106,5,280,lv1,3,0.37857142857142856
50,115,2,352,lv1,3,0.32670454545454547
27,98,3,305,lv1,3,0.32131147540983607
51,74,4,190,lv1,3,0.3894736842105263
49,92,7,254,lv1,3,0.36220472440944884
39,75,25,207,lv1,3,0.36231884057971014
134,109,5,312,lv1,3,0.34935897435897434
78,132,0,314,lv1,3,0.42038216560509556
122,145,17,321,lv1,3,0.4517133956386293
121,111,3,259,lv1,3,0.42857142857142855
100,140,0,344,lv1,3,0.4069767441860465
7,99,18,235,lv1,3,0.42127659574468085
104,136,0,297,lv1,3,0.45791245791245794
10,108,10,253,lv1,3,0.4268774703557312
119,119,31,287,lv1,3,0.4146341463414634
28,139,10,269,lv1,3,0.516728624535316
32,151,0,338,lv1,3,0.4467455621301775
143,143,0,328,lv1,3,0.43597560975609756
42,135,1,296,lv1,3,0.4560810810810811
85,156,6,368,lv1,3,0.42391304347826086
30,134,19,338,lv1,3,0.39644970414201186
108,132,0,334,lv1,3,0.39520958083832336
86,84,0,188,lv1,3,0.44680851063829785
93,126,11,324,lv1,3,0.3888888888888889
90,84,0,212,lv1,3,0.39622641509433965
9,142,0,340,lv1,3,0.4176470588235294
144,156,0,333,lv1,3,0.46846846846846846
46,121,0,285,lv1,3,0.4245614035087719
16,145,19,346,lv1,3,0.4190751445086705
22,75,0,180,lv1,3,0.4166666666666667
3,155,0,355,lv1,3,0.43661971830985913
13,130,1,315,lv1,3,0.4126984126984127
109,110,0,250,lv1,3,0.44
34,157,54,325,lv1,3,0.48307692307692307
70,119,10,263,lv1,3,0.4524714828897338
60,18,6,50,lv1,3,0.36
94,159,0,332,lv1,3,0.4789156626506024
5,144,18,336,lv1,3,0.42857142857142855
98,135,0,330,lv1,3,0.4090909090909091
18,159,5,348,lv1,3,0.45689655172413796
95,47,3,98,lv1,3,0.47959183673469385
137,100,19,252,lv1,3,0.3968253968253968
110,123,0,279,lv1,3,0.44086021505376344
8,151,9,345,lv1,3,0.43768115942028984
66,146,0,332,lv1,3,0.4397590361445783
26,171,42,329,lv1,3,0.5197568389057751
41,97,4,221,lv1,3,0.43891402714932126
36,158,4,333,lv1,3,0.4744744744744745
80,111,22,264,lv1,3,0.42045454545454547
83,152,0,324,lv1,3,0.4691358024691358
17,136,2,296,lv1,3,0.4594594594594595
6,167,0,331,lv1,3,0.5045317220543807
96,123,5,348,lv1,3,0.35344827586206895
40,141,42,314,lv1,3,0.44904458598726116
103,114,0,320,lv1,3,0.35625
145,101,0,268,lv1,3,0.376865671641791
37,105,9,284,lv1,3,0.36971830985915494
64,120,0,307,lv1,3,0.39087947882736157
58,54,1,128,lv1,3,0.421875
88,110,1,300,lv1,3,0.36666666666666664
113,102,0,270,lv1,3,0.37777777777777777
106,104,0,268,lv1,3,0.3880597014925373
123,133,0,320,lv1,3,0.415625
146,97,5,262,lv1,3,0.3702290076335878
57,144,0,338,lv1,3,0.4260355029585799
89,131,0,357,lv1,3,0.36694677871148457
73,102,28,243,lv1,3,0.41975308641975306
92,74,0,177,lv1,3,0.4180790960451977
128,135,0,307,lv1,3,0.43973941368078173
127,129,0,318,lv1,3,0.4056603773584906
2,154,9,338,lv1,3,0.4556213017751479
136,141,0,317,lv1,3,0.444794952681388
82,95,0,236,lv1,3,0.4025423728813559
77,149,0,268,lv1,3,0.5559701492537313
71,153,9,371,lv1,3,0.4123989218328841
124,67,16,132,lv1,3,0.5075757575757576
139,85,0,211,lv1,3,0.4028436018957346
133,143,17,321,lv1,3,0.4454828660436137
79,147,0,343,lv1,3,0.42857142857142855
125,50,9,126,lv1,3,0.3968253968253968
126,153,0,342,lv1,3,0.4473684210526316
56,149,49,300,lv1,3,0.49666666666666665
130,141,1,357,lv1,3,0.3949579831932773
20,90,0,234,lv1,3,0.38461538461538464
24,116,8,288,lv1,3,0.4027777777777778
101,98,0,265,lv1,3,0.36981132075471695
129,125,1,305,lv1,3,0.4098360655737705
74,150,84,330,lv1,3,0.45454545454545453
68,150,2,348,lv1,3,0.43103448275862066
55,128,2,325,lv1,3,0.39384615384615385
140,63,0,169,lv1,3,0.3727810650887574
61,138,0,304,lv1,3,0.45394736842105265
14,65,0,154,lv1,3,0.42207792207792205
118,78,0,200,lv1,3,0.39
87,132,4,325,lv1,3,0.40615384615384614
105,124,7,343,lv1,3,0.36151603498542273
47,34,0,101,lv1,3,0.33663366336633666
135,165,0,408,lv1,3,0.40441176470588236
125,30,8,126,lv2,1,0.23809523809523808
119,57,20,287,lv2,1,0.1986062717770035
133,74,15,321,lv2,1,0.23052959501557632
114,85,0,335,lv2,1,0.2537313432835821
26,76,32,329,lv2,1,0.23100303951367782
149,60,17,328,lv2,1,0.18292682926829268
98,85,0,330,lv2,1,0.25757575757575757
97,66,6,320,lv2,1,0.20625
108,71,0,334,lv2,1,0.2125748502994012
126,86,0,342,lv2,1,0.25146198830409355
89,81,0,357,lv2,1,0.226890756302521
116,26,5,140,lv2,1,0.18571428571428572
113,59,0,270,lv2,1,0.21851851851851853
72,61,0,348,lv2,1,0.1752873563218391
148,66,1,285,lv2,1,0.23157894736842105
117,70,0,291,lv2,1,0.24054982817869416
22,41,0,180,lv2,1,0.22777777777777777
110,68,0,279,lv2,1,0.24372759856630824
36,77,4,333,lv2,1,0.23123123123123124
55,68,2,325,lv2,1,0.20923076923076922
30,65,16,338,lv2,1,0.19230769230769232
69,30,7,122,lv2,1,0.2459016393442623
104,56,0,297,lv2,1,0.18855218855218855
50,84,2,352,lv2,1,0.23863636363636365
93,62,11,324,lv2,1,0.19135802469135801
145,60,0,268,lv2,1,0.22388059701492538
17,63,2,296,lv2,1,0.21283783783783783
143,79,0,328,lv2,1,0.24085365853658536
34,70,37,325,lv2,1,0.2153846153846154
78,75,0,314,lv2,1,0.23885350318471338
150,77,1,334,lv2,1,0.23053892215568864
128,82,0,307,lv2,1,0.2671009771986971
37,55,7,284,lv2,1,0.1936619718309859
49,55,7,254,lv2,1,0.21653543307086615
77,52,0,268,lv2,1,0.19402985074626866
61,64,0,304,lv2,1,0.21052631578947367
19,56,0,262,lv2,1,0.21374045801526717
121,59,3,259,lv2,1,0.2277992277992278
90,40,0,212,lv2,1,0.18867924528301888
146,59,5,262,lv2,1,0.22519083969465647
112,32,0,162,lv2,1,0.19753086419753085
132,19,0,61,lv2,1,0.3114754098360656
57,73,0,338,lv2,1,0.21597633136094674
47,26,0,101,lv2,1,0.25742574257425743
58,33,1,128,lv2,1,0.2578125
29,85,0,335,lv2,1,0.2537313432835821
32,75,0,338,lv2,1,0.22189349112426035
65,57,2,267,lv2,1,0.21348314606741572
91,62,19,338,lv2,1,0.1834319526627219
84,59,0,242,lv2,1,0.24380165289256198
111,52,0,248,lv2,1,0.20967741935483872
70,69,10,263,lv2,1,0.2623574144486692
42,68,1,296,lv2,1,0.22972972972972974
14,37,0,154,lv2,1,0.24025974025974026
62,67,1,264,lv2,1,0.2537878787878788
59,64,8,272,lv2,1,0.23529411764705882
0,33,0,177,lv2,1,0.1864406779661017
43,64,1,278,lv2,1,0.2302158273381295
83,75,0,324,lv2,1,0.23148148148148148
94,66,0,332,lv2,1,0.19879518072289157
134,70,6,312,lv2,1,0.22435897435897437
45,47,0,200,lv2,1,0.235
102,92,1,374,lv2,1,0.24598930481283424
124,35,13,132,lv2,1,0.26515151515151514
52,76,1,324,lv2,1,0.2345679012345679
56,67,37,300,lv2,1,0.22333333333333333
27,78,3,305,lv2,1,0.25573770491803277
137,59,18,252,lv2,1,0.23412698412698413
130,83,1,357,lv2,1,0.23249299719887956
28,67,7,269,lv2,1,0.24907063197026022
35,79,15,344,lv2,1,0.22965116279069767
73,53,22,243,lv2,1,0.21810699588477367
95,25,3,98,lv2,1,0.25510204081632654
80,62,15,264,lv2,1,0.23484848484848486
23,72,0,311,lv2,1,0.2315112540192926
48,83,5,349,lv2,1,0.23782234957020057
131,32,3,184,lv2,1,0.17391304347826086
122,65,16,321,lv2,1,0.20249221183800623
74,74,60,330,lv2,1,0.22424242424242424
46,71,0,285,lv2,1,0.24912280701754386
99,62,9,232,lv2,1,0.2672413793103448
82,47,0,236,lv2,1,0.19915254237288135
51,38,4,190,lv2,1,0.2
88,62,1,300,lv2,1,0.20666666666666667
38,80,28,355,lv2,1,0.22535211267605634
1,59,5,280,lv2,1,0.21071428571428572
86,40,0,188,lv2,1,0.2127659574468085
12,54,2,303,lv2,1,0.1782178217821782
66,67,0,332,lv2,1,0.20180722891566266
109,61,0,250,lv2,1,0.244
11,83,0,329,lv2,1,0.25227963525835867
96,88,5,348,lv2,1,0.25287356321839083
15,76,0,316,lv2,1,0.24050632911392406
135,111,0,408,lv2,1,0.27205882352941174
41,55,3,221,lv2,1,0.248868778280543
105,92,3,343,lv2,1,0.26822157434402333
67,64,17,282,lv2,1,0.22695035460992907
10,64,9,253,lv2,1,0.25296442687747034
2,86,7,338,lv2,1,0.25443786982248523
7,71,17,235,lv2,1,0.3021276595744681
100,95,0,344,lv2,1,0.2761627906976744
101,64,0,265,lv2,1,0.24150943396226415
92,49,0,177,lv2,1,0.2768361581920904
71,107,9,371,lv2,1,0.2884097035040431
147,72,0,328,lv2,1,0.21951219512195122
39,57,21,207,lv2,1,0.2753623188405797
103,83,0,320,lv2,1,0.259375
31,60,15,231,lv2,1,0.2597402597402597
138,96,0,336,lv2,1,0.2857142857142857
118,54,0,200,lv2,1,0.27
75,84,0,302,lv2,1,0.2781456953642384
115,38,0,170,lv2,1,0.2235294117647059
54,90,1,310,lv2,1,0.2903225806451613
79,90,0,343,lv2,1,0.26239067055393583
144,89,0,333,lv2,1,0.2672672672672673
120,37,8,144,lv2,1,0.2569444444444444
107,68,10,229,lv2,1,0.29694323144104806
140,41,0,169,lv2,1,0.24260355029585798
53,30,1,114,lv2,1,0.2631578947368421
16,79,16,346,lv2,1,0.22832369942196531
123,91,0,320,lv2,1,0.284375
5,85,17,336,lv2,1,0.25297619047619047
85,90,6,368,lv2,1,0.24456521739130435
64,81,0,307,lv2,1,0.26384364820846906
63,91,42,342,lv2,1,0.26608187134502925
129,68,1,305,lv2,1,0.22295081967213115
40,77,35,314,lv2,1,0.24522292993630573
127,80,0,318,lv2,1,0.25157232704402516
4,97,0,332,lv2,1,0.2921686746987952
24,64,8,288,lv2,1,0.2222222222222222
68,97,2,348,lv2,1,0.27873563218390807
3,96,0,355,lv2,1,0.2704225352112676
87,86,5,325,lv2,1,0.26461538461538464
142,101,0,342,lv2,1,0.2953216374269006
25,60,20,290,lv2,1,0.20689655172413793
33,18,9,62,lv2,1,0.2903225806451613
139,44,0,211,lv2,1,0.20853080568720378
9,79,0,340,lv2,1,0.2323529411764706
13,61,1,315,lv2,1,0.19365079365079366
20,56,0,234,lv2,1,0.23931623931623933
60,8,5,50,lv2,1,0.16
136,76,0,317,lv2,1,0.23974763406940064
21,68,0,326,lv2,1,0.2085889570552147
44,56,2,278,lv2,1,0.2014388489208633
76,70,27,268,lv2,1,0.26119402985074625
6,76,0,331,lv2,1,0.229607250755287
81,72,0,334,lv2,1,0.2155688622754491
141,72,0,343,lv2,1,0.2099125364431487
8,66,8,345,lv2,1,0.19130434782608696
18,87,4,348,lv2,1,0.25
106,57,0,268,lv2,1,0.2126865671641791
99,61,11,232,lv2,2,0.2629310344827586
144,80,0,333,lv2,2,0.24024024024024024
114,73,0,335,lv2,2,0.21791044776119403
123,71,0,320,lv2,2,0.221875
3,96,0,355,lv2,2,0.2704225352112676
64,75,0,307,lv2,2,0.24429967426710097
135,93,0,408,lv2,2,0.22794117647058823
115,38,0,170,lv2,2,0.2235294117647059
63,103,41,342,lv2,2,0.30116959064327486
22,39,0,180,lv2,2,0.21666666666666667
73,63,22,243,lv2,2,0.25925925925925924
131,43,3,184,lv2,2,0.23369565217391305
51,45,4,190,lv2,2,0.23684210526315788
39,52,24,207,lv2,2,0.25120772946859904
47,30,0,101,lv2,2,0.297029702970297
140,43,0,169,lv2,2,0.25443786982248523
143,83,0,328,lv2,2,0.2530487804878049
101,71,0,265,lv2,2,0.2679245283018868
60,9,3,50,lv2,2,0.18
146,81,5,262,lv2,2,0.30916030534351147
126,73,0,342,lv2,2,0.2134502923976608
138,84,0,336,lv2,2,0.25
59,70,8,272,lv2,2,0.25735294117647056
62,75,1,264,lv2,2,0.2840909090909091
20,57,0,234,lv2,2,0.24358974358974358
142,79,0,342,lv2,2,0.2309941520467836
89,95,0,357,lv2,2,0.2661064425770308
92,46,0,177,lv2,2,0.2598870056497175
136,77,0,317,lv2,2,0.24290220820189273
100,90,0,344,lv2,2,0.2616279069767442
38,76,27,355,lv2,2,0.2140845070422535
117,78,0,291,lv2,2,0.26804123711340205
120,36,8,144,lv2,2,0.25
9,89,0,340,lv2,2,0.26176470588235295
55,81,2,325,lv2,2,0.24923076923076923
149,89,18,328,lv2,2,0.27134146341463417
11,79,0,329,lv2,2,0.24012158054711247
46,80,0,285,lv2,2,0.2807017543859649
94,80,0,332,lv2,2,0.24096385542168675
107,51,14,229,lv2,2,0.22270742358078602
0,29,0,177,lv2,2,0.1638418079096045
36,87,4,333,lv2,2,0.26126126126126126
72,76,0,348,lv2,2,0.21839080459770116
87,73,4,325,lv2,2,0.2246153846153846
110,67,0,279,lv2,2,0.24014336917562723
70,62,10,263,lv2,2,0.23574144486692014
34,84,33,325,lv2,2,0.25846153846153846
121,70,3,259,lv2,2,0.2702702702702703
28,69,9,269,lv2,2,0.25650557620817843
50,93,1,352,lv2,2,0.26420454545454547
8,94,8,345,lv2,2,0.27246376811594203
52,89,1,324,lv2,2,0.27469135802469136
12,73,2,303,lv2,2,0.24092409240924093
112,42,0,162,lv2,2,0.25925925925925924
98,83,0,330,lv2,2,0.2515151515151515
45,47,0,200,lv2,2,0.235
139,54,0,211,lv2,2,0.2559241706161137
148,61,1,285,lv2,2,0.21403508771929824
82,59,0,236,lv2,2,0.25
37,68,9,284,lv2,2,0.23943661971830985
84,61,0,242,lv2,2,0.25206611570247933
88,71,1,300,lv2,2,0.23666666666666666
97,86,6,320,lv2,2,0.26875
53,32,1,114,lv2,2,0.2807017543859649
29,77,0,335,lv2,2,0.2298507462686567
49,67,8,254,lv2,2,0.2637795275590551
25,65,24,290,lv2,2,0.22413793103448276
111,56,0,248,lv2,2,0.22580645161290322
77,71,0,268,lv2,2,0.26492537313432835
113,59,0,270,lv2,2,0.21851851851851853
80,55,18,264,lv2,2,0.20833333333333334
17,75,2,296,lv2,2,0.2533783783783784
31,65,19,231,lv2,2,0.2813852813852814
141,77,0,343,lv2,2,0.22448979591836735
150,77,1,334,lv2,2,0.23053892215568864
13,80,1,315,lv2,2,0.25396825396825395
132,10,0,61,lv2,2,0.16393442622950818
147,73,0,328,lv2,2,0.2225609756097561
124,43,14,132,lv2,2,0.32575757575757575
74,98,77,330,lv2,2,0.296969696969697
68,91,2,348,lv2,2,0.2614942528735632
118,48,0,200,lv2,2,0.24
27,66,3,305,lv2,2,0.21639344262295082
127,70,0,318,lv2,2,0.22012578616352202
119,70,30,287,lv2,2,0.24390243902439024
23,71,0,311,lv2,2,0.2282958199356913
16,85,19,346,lv2,2,0.24566473988439305
93,89,11,324,lv2,2,0.27469135802469136
108,84,0,334,lv2,2,0.25149700598802394
48,90,5,349,lv2,2,0.25787965616045844
95,29,3,98,lv2,2,0.29591836734693877
91,63,22,338,lv2,2,0.1863905325443787
6,81,0,331,lv2,2,0.24471299093655588
21,59,0,326,lv2,2,0.18098159509202455
42,70,1,296,lv2,2,0.23648648648648649
66,71,0,332,lv2,2,0.21385542168674698
19,56,0,262,lv2,2,0.21374045801526717
109,75,0,250,lv2,2,0.3
14,39,0,154,lv2,2,0.2532467532467532
78,72,0,314,lv2,2,0.22929936305732485
134,93,6,312,lv2,2,0.2980769230769231
76,67,24,268,lv2,2,0.25
30,63,15,338,lv2,2,0.1863905325443787
43,68,1,278,lv2,2,0.2446043165467626
44,70,2,278,lv2,2,0.2517985611510791
104,75,0,297,lv2,2,0.25252525252525254
86,48,0,188,lv2,2,0.2553191489361702
26,92,34,329,lv2,2,0.2796352583586626
67,71,17,282,lv2,2,0.25177304964539005
18,90,5,348,lv2,2,0.25862068965517243
81,95,0,334,lv2,2,0.2844311377245509
90,55,0,212,lv2,2,0.25943396226415094
56,91,38,300,lv2,2,0.30333333333333334
40,83,40,314,lv2,2,0.2643312101910828
125,30,5,126,lv2,2,0.23809523809523808
35,92,14,344,lv2,2,0.26744186046511625
10,68,10,253,lv2,2,0.26877470355731226
58,35,1,128,lv2,2,0.2734375
116,45,5,140,lv2,2,0.32142857142857145
69,37,9,122,lv2,2,0.30327868852459017
106,57,0,268,lv2,2,0.2126865671641791
33,13,9,62,lv2,2,0.20967741935483872
105,79,6,343,lv2,2,0.2303206997084548
75,66,0,302,lv2,2,0.2185430463576159
79,81,0,343,lv2,2,0.23615160349854228
145,56,0,268,lv2,2,0.208955223880597
85,87,5,368,lv2,2,0.23641304347826086
137,56,19,252,lv2,2,0.2222222222222222
1,62,5,280,lv2,2,0.22142857142857142
7,77,14,235,lv2,2,0.3276595744680851
102,90,1,374,lv2,2,0.24064171122994651
83,81,0,324,lv2,2,0.25
41,58,4,221,lv2,2,0.26244343891402716
32,98,0,338,lv2,2,0.28994082840236685
61,68,0,304,lv2,2,0.2236842105263158
2,95,8,338,lv2,2,0.28106508875739644
96,92,5,348,lv2,2,0.26436781609195403
65,71,2,267,lv2,2,0.26591760299625467
24,72,7,288,lv2,2,0.25
133,93,17,321,lv2,2,0.2897196261682243
130,99,1,357,lv2,2,0.2773109243697479
5,95,17,336,lv2,2,0.28273809523809523
54,89,1,310,lv2,2,0.2870967741935484
128,82,0,307,lv2,2,0.2671009771986971
15,75,0,316,lv2,2,0.23734177215189872
122,79,16,321,lv2,2,0.24610591900311526
4,90,0,332,lv2,2,0.2710843373493976
57,85,0,338,lv2,2,0.2514792899408284
103,78,0,320,lv2,2,0.24375
129,62,1,305,lv2,2,0.20327868852459016
71,109,10,371,lv2,2,0.29380053908355797
117,50,0,291,lv2,3,0.1718213058419244
97,72,6,320,lv2,3,0.225
84,45,0,242,lv2,3,0.1859504132231405
75,74,0,302,lv2,3,0.24503311258278146
63,80,42,342,lv2,3,0.23391812865497075
38,81,27,355,lv2,3,0.22816901408450704
4,84,0,332,lv2,3,0.25301204819277107
112,39,0,162,lv2,3,0.24074074074074073
69,26,6,122,lv2,3,0.21311475409836064
43,49,1,278,lv2,3,0.17625899280575538
102,88,1,374,lv2,3,0.23529411764705882
114,82,0,335,lv2,3,0.24477611940298508
142,75,0,342,lv2,3,0.21929824561403508
35,75,15,344,lv2,3,0.2180232558139535
45,43,0,200,lv2,3,0.215
120,39,8,144,lv2,3,0.2708333333333333
52,86,1,324,lv2,3,0.2654320987654321
53,20,1,114,lv2,3,0.17543859649122806
12,68,2,303,lv2,3,0.22442244224422442
149,79,16,328,lv2,3,0.24085365853658536
48,83,5,349,lv2,3,0.23782234957020057
23,73,0,311,lv2,3,0.2347266881028939
0,39,0,177,lv2,3,0.22033898305084745
116,37,5,140,lv2,3,0.2642857142857143
62,64,1,264,lv2,3,0.24242424242424243
81,92,0,334,lv2,3,0.2754491017964072
29,101,0,335,lv2,3,0.30149253731343284
147,92,0,328,lv2,3,0.2804878048780488
21,74,0,326,lv2,3,0.22699386503067484
33,14,9,62,lv2,3,0.22580645161290322
25,67,23,290,lv2,3,0.23103448275862068
54,68,1,310,lv2,3,0.21935483870967742
150,74,1,334,lv2,3,0.2215568862275449
141,86,0,343,lv2,3,0.25072886297376096
67,61,14,282,lv2,3,0.21631205673758866
138,88,0,336,lv2,3,0.2619047619047619
19,71,0,262,lv2,3,0.27099236641221375
99,48,8,232,lv2,3,0.20689655172413793
11,88,0,329,lv2,3,0.2674772036474164
44,86,2,278,lv2,3,0.30935251798561153
59,67,7,272,lv2,3,0.24632352941176472
111,68,0,248,lv2,3,0.27419354838709675
31,62,17,231,lv2,3,0.2683982683982684
131,54,2,184,lv2,3,0.29347826086956524
107,70,12,229,lv2,3,0.3056768558951965
76,64,25,268,lv2,3,0.23880597014925373
72,98,0,348,lv2,3,0.28160919540229884
115,48,0,170,lv2,3,0.2823529411764706
15,62,0,316,lv2,3,0.1962025316455696
91,78,17,338,lv2,3,0.23076923076923078
132,20,0,61,lv2,3,0.32786885245901637
65,66,2,267,lv2,3,0.24719101123595505
148,62,1,285,lv2,3,0.21754385964912282
1,61,5,280,lv2,3,0.21785714285714286
50,95,2,352,lv2,3,0.26988636363636365
27,69,3,305,lv2,3,0.2262295081967213
51,49,4,190,lv2,3,0.2578947368421053
49,60,7,254,lv2,3,0.23622047244094488
39,56,25,207,lv2,3,0.27053140096618356
134,82,5,312,lv2,3,0.26282051282051283
78,63,0,314,lv2,3,0.20063694267515925
122,77,15,321,lv2,3,0.2398753894080997
121,61,3,259,lv2,3,0.23552123552123552
100,89,0,344,lv2,3,0.25872093023255816
7,55,16,235,lv2,3,0.23404255319148937
104,69,0,297,lv2,3,0.23232323232323232
10,61,8,253,lv2,3,0.24110671936758893
119,69,22,287,lv2,3,0.24041811846689895
28,59,9,269,lv2,3,0.21933085501858737
32,88,0,338,lv2,3,0.2603550295857988
143,60,0,328,lv2,3,0.18292682926829268
42,60,1,296,lv2,3,0.20270270270270271
85,65,5,368,lv2,3,0.1766304347826087
30,82,17,338,lv2,3,0.24260355029585798
108,75,0,334,lv2,3,0.2245508982035928
86,44,0,188,lv2,3,0.23404255319148937
93,77,11,324,lv2,3,0.23765432098765432
90,48,0,212,lv2,3,0.22641509433962265
9,80,0,340,lv2,3,0.23529411764705882
144,82,0,333,lv2,3,0.24624624624624625
46,75,0,285,lv2,3,0.2631578947368421
16,83,15,346,lv2,3,0.2398843930635838
22,32,0,180,lv2,3,0.17777777777777778
3,97,0,355,lv2,3,0.27323943661971833
13,82,1,315,lv2,3,0.26031746031746034
109,62,0,250,lv2,3,0.248
34,84,46,325,lv2,3,0.25846153846153846
70,67,10,263,lv2,3,0.25475285171102663
60,17,7,50,lv2,3,0.34
94,82,0,332,lv2,3,0.2469879518072289
5,77,18,336,lv2,3,0.22916666666666666
98,87,0,330,lv2,3,0.2636363636363636
18,77,5,348,lv2,3,0.22126436781609196
95,22,3,98,lv2,3,0.22448979591836735
137,53,18,252,lv2,3,0.21031746031746032
110,69,0,279,lv2,3,0.24731182795698925
8,75,8,345,lv2,3,0.21739130434782608
66,76,0,332,lv2,3,0.2289156626506024
26,81,28,329,lv2,3,0.24620060790273557
41,52,4,221,lv2,3,0.23529411764705882
36,84,4,333,lv2,3,0.25225225225225223
80,50,14,264,lv2,3,0.1893939393939394
83,81,0,324,lv2,3,0.25
17,71,2,296,lv2,3,0.23986486486486486
6,94,0,331,lv2,3,0.283987915407855
96,90,5,348,lv2,3,0.25862068965517243
40,80,34,314,lv2,3,0.25477707006369427
103,83,0,320,lv2,3,0.259375
145,83,0,268,lv2,3,0.30970149253731344
37,75,8,284,lv2,3,0.2640845070422535
64,97,0,307,lv2,3,0.31596091205211724
58,30,1,128,lv2,3,0.234375
88,73,1,300,lv2,3,0.24333333333333335
113,60,0,270,lv2,3,0.2222222222222222
106,80,0,268,lv2,3,0.29850746268656714
123,84,0,320,lv2,3,0.2625
146,66,5,262,lv2,3,0.25190839694656486
57,92,0,338,lv2,3,0.27218934911242604
89,93,0,357,lv2,3,0.2605042016806723
73,56,21,243,lv2,3,0.23045267489711935
92,30,0,177,lv2,3,0.1694915254237288
128,64,0,307,lv2,3,0.20846905537459284
127,69,0,318,lv2,3,0.2169811320754717
2,80,8,338,lv2,3,0.23668639053254437
136,60,0,317,lv2,3,0.1892744479495268
82,46,0,236,lv2,3,0.19491525423728814
77,52,0,268,lv2,3,0.19402985074626866
71,92,9,371,lv2,3,0.24797843665768193
124,34,11,132,lv2,3,0.25757575757575757
139,45,0,211,lv2,3,0.2132701421800948
133,65,16,321,lv2,3,0.20249221183800623
79,62,0,343,lv2,3,0.18075801749271136
125,24,7,126,lv2,3,0.19047619047619047
126,67,0,342,lv2,3,0.195906432748538
56,98,40,300,lv2,3,0.32666666666666666
130,102,1,357,lv2,3,0.2857142857142857
20,63,0,234,lv2,3,0.2692307692307692
24,70,8,288,lv2,3,0.24305555555555555
101,73,0,265,lv2,3,0.27547169811320754
129,71,1,305,lv2,3,0.23278688524590163
74,89,62,330,lv2,3,0.2696969696969697
68,103,2,348,lv2,3,0.2959770114942529
55,74,2,325,lv2,3,0.2276923076923077
140,44,0,169,lv2,3,0.2603550295857988
61,75,0,304,lv2,3,0.24671052631578946
14,39,0,154,lv2,3,0.2532467532467532
118,48,0,200,lv2,3,0.24
87,75,4,325,lv2,3,0.23076923076923078
105,73,6,343,lv2,3,0.21282798833819241
47,24,0,101,lv2,3,0.2376237623762376
135,104,0,408,lv2,3,0.2549019607843137
125,13,4,126,lv3,1,0.10317460317460317
119,34,20,287,lv3,1,0.11846689895470383
133,41,14,321,lv3,1,0.1277258566978193
114,39,0,335,lv3,1,0.11641791044776119
26,34,24,329,lv3,1,0.1033434650455927
149,31,12,328,lv3,1,0.09451219512195122
98,43,0,330,lv3,1,0.1303030303030303
97,35,6,320,lv3,1,0.109375
108,46,0,334,lv3,1,0.1377245508982036
126,44,0,342,lv3,1,0.1286549707602339
89,42,0,357,lv3,1,0.11764705882352941
116,16,4,140,lv3,1,0.11428571428571428
113,24,0,270,lv3,1,0.08888888888888889
72,32,0,348,lv3,1,0.09195402298850575
148,36,1,285,lv3,1,0.12631578947368421
117,43,0,291,lv3,1,0.14776632302405499
22,13,0,180,lv3,1,0.07222222222222222
110,42,0,279,lv3,1,0.15053763440860216
36,31,4,333,lv3,1,0.09309309309309309
55,41,2,325,lv3,1,0.12615384615384614
30,37,14,338,lv3,1,0.10946745562130178
69,15,5,122,lv3,1,0.12295081967213115
104,36,0,297,lv3,1,0.12121212121212122
50,49,2,352,lv3,1,0.13920454545454544
93,44,9,324,lv3,1,0.13580246913580246
145,29,0,268,lv3,1,0.10820895522388059
17,41,2,296,lv3,1,0.13851351351351351
143,41,0,328,lv3,1,0.125
34,52,30,325,lv3,1,0.16
78,41,0,314,lv3,1,0.1305732484076433
150,39,1,334,lv3,1,0.11676646706586827
128,42,0,307,lv3,1,0.13680781758957655
37,38,7,284,lv3,1,0.13380281690140844
49,34,6,254,lv3,1,0.13385826771653545
77,37,0,268,lv3,1,0.13805970149253732
61,38,0,304,lv3,1,0.125
19,35,0,262,lv3,1,0.13358778625954199
121,32,3,259,lv3,1,0.12355212355212356
90,20,0,212,lv3,1,0.09433962264150944
146,29,4,262,lv3,1,0.11068702290076336
112,15,0,162,lv3,1,0.09259259259259259
132,7,0,61,lv3,1,0.11475409836065574
57,45,0,338,lv3,1,0.13313609467455623
47,16,0,101,lv3,1,0.15841584158415842
58,20,1,128,lv3,1,0.15625
29,42,0,335,lv3,1,0.1253731343283582
32,47,0,338,lv3,1,0.1390532544378698
65,35,2,267,lv3,1,0.13108614232209737
91,36,14,338,lv3,1,0.10650887573964497
84,27,0,242,lv3,1,0.1115702479338843
111,23,0,248,lv3,1,0.09274193548387097
70,31,8,263,lv3,1,0.11787072243346007
42,36,1,296,lv3,1,0.12162162162162163
14,18,0,154,lv3,1,0.11688311688311688
62,37,1,264,lv3,1,0.14015151515151514
59,51,6,272,lv3,1,0.1875
0,16,0,177,lv3,1,0.0903954802259887
43,32,1,278,lv3,1,0.11510791366906475
83,35,0,324,lv3,1,0.10802469135802469
94,33,0,332,lv3,1,0.09939759036144578
134,35,5,312,lv3,1,0.11217948717948718
45,28,0,200,lv3,1,0.14
102,42,1,374,lv3,1,0.11229946524064172
124,14,8,132,lv3,1,0.10606060606060606
52,33,1,324,lv3,1,0.10185185185185185
56,40,27,300,lv3,1,0.13333333333333333
27,38,3,305,lv3,1,0.12459016393442623
137,34,16,252,lv3,1,0.1349206349206349
130,43,1,357,lv3,1,0.12044817927170869
28,25,8,269,lv3,1,0.09293680297397769
35,40,13,344,lv3,1,0.11627906976744186
73,28,17,243,lv3,1,0.11522633744855967
95,13,3,98,lv3,1,0.1326530612244898
80,29,13,264,lv3,1,0.10984848484848485
23,52,0,311,lv3,1,0.16720257234726688
48,29,4,349,lv3,1,0.0830945558739255
131,24,2,184,lv3,1,0.13043478260869565
122,40,15,321,lv3,1,0.12461059190031153
74,30,36,330,lv3,1,0.09090909090909091
46,34,0,285,lv3,1,0.11929824561403508
99,23,5,232,lv3,1,0.09913793103448276
82,28,0,236,lv3,1,0.11864406779661017
51,19,3,190,lv3,1,0.1
88,34,1,300,lv3,1,0.11333333333333333
38,45,22,355,lv3,1,0.1267605633802817
1,26,5,280,lv3,1,0.09285714285714286
86,17,0,188,lv3,1,0.09042553191489362
12,35,2,303,lv3,1,0.11551155115511551
66,45,0,332,lv3,1,0.1355421686746988
109,23,0,250,lv3,1,0.092
11,34,0,329,lv3,1,0.1033434650455927
96,34,4,348,lv3,1,0.09770114942528736
15,42,0,316,lv3,1,0.13291139240506328
135,50,0,408,lv3,1,0.12254901960784313
41,30,2,221,lv3,1,0.13574660633484162
105,40,5,343,lv3,1,0.11661807580174927
67,34,10,282,lv3,1,0.12056737588652482
10,23,7,253,lv3,1,0.09090909090909091
2,40,6,338,lv3,1,0.11834319526627218
7,33,14,235,lv3,1,0.14042553191489363
100,40,0,344,lv3,1,0.11627906976744186
101,23,0,265,lv3,1,0.08679245283018867
92,19,0,177,lv3,1,0.10734463276836158
71,33,6,371,lv3,1,0.0889487870619946
147,39,0,328,lv3,1,0.11890243902439024
39,24,17,207,lv3,1,0.11594202898550725
103,38,0,320,lv3,1,0.11875
31,24,14,231,lv3,1,0.1038961038961039
138,37,0,336,lv3,1,0.11011904761904762
118,18,0,200,lv3,1,0.09
75,39,0,302,lv3,1,0.1291390728476821
115,21,0,170,lv3,1,0.12352941176470589
54,30,1,310,lv3,1,0.0967741935483871
79,42,0,343,lv3,1,0.12244897959183673
144,44,0,333,lv3,1,0.13213213213213212
120,17,5,144,lv3,1,0.11805555555555555
107,22,11,229,lv3,1,0.09606986899563319
140,24,0,169,lv3,1,0.14201183431952663
53,9,1,114,lv3,1,0.07894736842105263
16,42,17,346,lv3,1,0.12138728323699421
123,37,0,320,lv3,1,0.115625
5,39,15,336,lv3,1,0.11607142857142858
85,40,4,368,lv3,1,0.10869565217391304
64,32,0,307,lv3,1,0.10423452768729642
63,47,31,342,lv3,1,0.13742690058479531
129,32,1,305,lv3,1,0.10491803278688525
40,40,20,314,lv3,1,0.12738853503184713
127,30,0,318,lv3,1,0.09433962264150944
4,32,0,332,lv3,1,0.0963855421686747
24,26,8,288,lv3,1,0.09027777777777778
68,45,2,348,lv3,1,0.12931034482758622
3,39,0,355,lv3,1,0.10985915492957747
87,42,4,325,lv3,1,0.12923076923076923
142,49,0,342,lv3,1,0.14327485380116958
25,29,17,290,lv3,1,0.1
33,8,5,62,lv3,1,0.12903225806451613
139,30,0,211,lv3,1,0.14218009478672985
9,33,0,340,lv3,1,0.09705882352941177
13,33,1,315,lv3,1,0.10476190476190476
20,37,0,234,lv3,1,0.1581196581196581
60,4,4,50,lv3,1,0.08
136,41,0,317,lv3,1,0.12933753943217666
21,31,0,326,lv3,1,0.0950920245398773
44,41,1,278,lv3,1,0.1474820143884892
76,23,16,268,lv3,1,0.08582089552238806
6,35,0,331,lv3,1,0.10574018126888217
81,36,0,334,lv3,1,0.10778443113772455
141,46,0,343,lv3,1,0.13411078717201166
8,35,8,345,lv3,1,0.10144927536231885
18,55,4,348,lv3,1,0.15804597701149425
106,31,0,268,lv3,1,0.11567164179104478
99,33,9,232,lv3,2,0.14224137931034483
144,41,0,333,lv3,2,0.12312312312312312
114,46,0,335,lv3,2,0.1373134328358209
123,52,0,320,lv3,2,0.1625
3,49,0,355,lv3,2,0.13802816901408452
64,29,0,307,lv3,2,0.09446254071661238
135,50,0,408,lv3,2,0.12254901960784313
115,27,0,170,lv3,2,0.1588235294117647
63,52,35,342,lv3,2,0.15204678362573099
22,24,0,180,lv3,2,0.13333333333333333
73,34,18,243,lv3,2,0.13991769547325103
131,23,2,184,lv3,2,0.125
51,27,4,190,lv3,2,0.14210526315789473
39,27,14,207,lv3,2,0.13043478260869565
47,16,0,101,lv3,2,0.15841584158415842
140,19,0,169,lv3,2,0.11242603550295859
143,42,0,328,lv3,2,0.12804878048780488
101,36,0,265,lv3,2,0.13584905660377358
60,4,3,50,lv3,2,0.08
146,36,4,262,lv3,2,0.13740458015267176
126,31,0,342,lv3,2,0.09064327485380116
138,40,0,336,lv3,2,0.11904761904761904
59,26,8,272,lv3,2,0.09558823529411764
62,24,1,264,lv3,2,0.09090909090909091
20,19,0,234,lv3,2,0.0811965811965812
142,29,0,342,lv3,2,0.0847953216374269
89,42,0,357,lv3,2,0.11764705882352941
92,18,0,177,lv3,2,0.1016949152542373
136,31,0,317,lv3,2,0.09779179810725552
100,38,0,344,lv3,2,0.11046511627906977
38,34,21,355,lv3,2,0.09577464788732394
117,30,0,291,lv3,2,0.10309278350515463
120,12,6,144,lv3,2,0.08333333333333333
9,40,0,340,lv3,2,0.11764705882352941
55,28,2,325,lv3,2,0.08615384615384615
149,36,13,328,lv3,2,0.10975609756097561
11,32,0,329,lv3,2,0.0972644376899696
46,37,0,285,lv3,2,0.12982456140350876
94,45,0,332,lv3,2,0.1355421686746988
107,28,10,229,lv3,2,0.1222707423580786
0,15,0,177,lv3,2,0.0847457627118644
36,39,3,333,lv3,2,0.11711711711711711
72,40,0,348,lv3,2,0.11494252873563218
87,33,4,325,lv3,2,0.10153846153846154
110,21,0,279,lv3,2,0.07526881720430108
70,35,9,263,lv3,2,0.13307984790874525
34,33,22,325,lv3,2,0.10153846153846154
121,26,2,259,lv3,2,0.10038610038610038
28,32,6,269,lv3,2,0.11895910780669144
50,36,1,352,lv3,2,0.10227272727272728
8,31,8,345,lv3,2,0.08985507246376812
52,35,1,324,lv3,2,0.10802469135802469
12,39,2,303,lv3,2,0.12871287128712872
112,22,0,162,lv3,2,0.13580246913580246
98,36,0,330,lv3,2,0.10909090909090909
45,21,0,200,lv3,2,0.105
139,24,0,211,lv3,2,0.11374407582938388
148,41,1,285,lv3,2,0.14385964912280702
82,28,0,236,lv3,2,0.11864406779661017
37,32,7,284,lv3,2,0.11267605633802817
84,19,0,242,lv3,2,0.07851239669421488
88,32,1,300,lv3,2,0.10666666666666667
97,41,6,320,lv3,2,0.128125
53,13,1,114,lv3,2,0.11403508771929824
29,33,0,335,lv3,2,0.09850746268656717
49,25,7,254,lv3,2,0.0984251968503937
25,32,20,290,lv3,2,0.1103448275862069
111,25,0,248,lv3,2,0.10080645161290322
77,31,0,268,lv3,2,0.11567164179104478
113,29,0,270,lv3,2,0.10740740740740741
80,26,11,264,lv3,2,0.09848484848484848
17,29,2,296,lv3,2,0.09797297297297297
31,21,8,231,lv3,2,0.09090909090909091
141,39,0,343,lv3,2,0.11370262390670553
150,26,1,334,lv3,2,0.07784431137724551
13,33,1,315,lv3,2,0.10476190476190476
132,12,0,61,lv3,2,0.19672131147540983
147,41,0,328,lv3,2,0.125
124,16,10,132,lv3,2,0.12121212121212122
74,40,34,330,lv3,2,0.12121212121212122
68,36,2,348,lv3,2,0.10344827586206896
118,18,0,200,lv3,2,0.09
27,43,3,305,lv3,2,0.14098360655737704
127,35,0,318,lv3,2,0.11006289308176101
119,33,15,287,lv3,2,0.11498257839721254
23,41,0,311,lv3,2,0.13183279742765272
16,42,11,346,lv3,2,0.12138728323699421
93,36,9,324,lv3,2,0.1111111111111111
108,40,0,334,lv3,2,0.11976047904191617
48,52,5,349,lv3,2,0.1489971346704871
95,6,3,98,lv3,2,0.061224489795918366
91,29,15,338,lv3,2,0.08579881656804733
6,36,0,331,lv3,2,0.10876132930513595
21,43,0,326,lv3,2,0.13190184049079753
42,35,1,296,lv3,2,0.11824324324324324
66,35,0,332,lv3,2,0.10542168674698796
19,25,0,262,lv3,2,0.09541984732824428
109,22,0,250,lv3,2,0.088
14,16,0,154,lv3,2,0.1038961038961039
78,31,0,314,lv3,2,0.09872611464968153
134,27,5,312,lv3,2,0.08653846153846154
76,27,16,268,lv3,2,0.10074626865671642
30,34,17,338,lv3,2,0.10059171597633136
43,42,1,278,lv3,2,0.1510791366906475
44,26,2,278,lv3,2,0.09352517985611511
104,29,0,297,lv3,2,0.09764309764309764
86,20,0,188,lv3,2,0.10638297872340426
26,33,22,329,lv3,2,0.10030395136778116
67,42,16,282,lv3,2,0.14893617021276595
18,44,4,348,lv3,2,0.12643678160919541
81,38,0,334,lv3,2,0.11377245508982035
90,25,0,212,lv3,2,0.1179245283018868
56,33,20,300,lv3,2,0.11
40,26,18,314,lv3,2,0.08280254777070063
125,12,5,126,lv3,2,0.09523809523809523
35,35,13,344,lv3,2,0.10174418604651163
10,23,8,253,lv3,2,0.09090909090909091
58,10,1,128,lv3,2,0.078125
116,13,4,140,lv3,2,0.09285714285714286
69,14,4,122,lv3,2,0.11475409836065574
106,25,0,268,lv3,2,0.09328358208955224
33,2,4,62,lv3,2,0.03225806451612903
105,37,5,343,lv3,2,0.10787172011661808
75,36,0,302,lv3,2,0.11920529801324503
79,35,0,343,lv3,2,0.10204081632653061
145,33,0,268,lv3,2,0.12313432835820895
85,42,4,368,lv3,2,0.11413043478260869
137,25,14,252,lv3,2,0.0992063492063492
1,32,5,280,lv3,2,0.11428571428571428
7,21,12,235,lv3,2,0.08936170212765958
102,44,1,374,lv3,2,0.11764705882352941
83,42,0,324,lv3,2,0.12962962962962962
41,32,3,221,lv3,2,0.14479638009049775
32,44,0,338,lv3,2,0.1301775147928994
61,47,0,304,lv3,2,0.15460526315789475
2,42,7,338,lv3,2,0.1242603550295858
96,43,4,348,lv3,2,0.1235632183908046
65,20,2,267,lv3,2,0.0749063670411985
24,35,8,288,lv3,2,0.12152777777777778
133,27,11,321,lv3,2,0.08411214953271028
130,36,1,357,lv3,2,0.10084033613445378
5,34,16,336,lv3,2,0.10119047619047619
54,29,1,310,lv3,2,0.0935483870967742
128,35,0,307,lv3,2,0.11400651465798045
15,32,0,316,lv3,2,0.10126582278481013
122,22,12,321,lv3,2,0.06853582554517133
4,30,0,332,lv3,2,0.09036144578313253
57,34,0,338,lv3,2,0.10059171597633136
103,29,0,320,lv3,2,0.090625
129,34,1,305,lv3,2,0.11147540983606558
71,43,7,371,lv3,2,0.11590296495956873
117,24,0,291,lv3,3,0.08247422680412371
97,44,6,320,lv3,3,0.1375
84,22,0,242,lv3,3,0.09090909090909091
75,33,0,302,lv3,3,0.10927152317880795
63,48,31,342,lv3,3,0.14035087719298245
38,32,19,355,lv3,3,0.09014084507042254
4,28,0,332,lv3,3,0.08433734939759036
112,20,0,162,lv3,3,0.12345679012345678
69,20,5,122,lv3,3,0.16393442622950818
43,29,1,278,lv3,3,0.10431654676258993
102,51,1,374,lv3,3,0.13636363636363635
114,35,0,335,lv3,3,0.1044776119402985
142,38,0,342,lv3,3,0.1111111111111111
35,47,13,344,lv3,3,0.13662790697674418
45,26,0,200,lv3,3,0.13
120,17,4,144,lv3,3,0.11805555555555555
52,26,1,324,lv3,3,0.08024691358024691
53,9,1,114,lv3,3,0.07894736842105263
12,30,2,303,lv3,3,0.09900990099009901
149,46,10,328,lv3,3,0.1402439024390244
48,38,5,349,lv3,3,0.10888252148997135
23,37,0,311,lv3,3,0.1189710610932476
0,28,0,177,lv3,3,0.15819209039548024
116,9,4,140,lv3,3,0.06428571428571428
62,22,1,264,lv3,3,0.08333333333333333
81,45,0,334,lv3,3,0.1347305389221557
29,37,0,335,lv3,3,0.11044776119402985
147,41,0,328,lv3,3,0.125
21,48,0,326,lv3,3,0.147239263803681
33,4,6,62,lv3,3,0.06451612903225806
25,44,19,290,lv3,3,0.15172413793103448
54,34,1,310,lv3,3,0.10967741935483871
150,49,1,334,lv3,3,0.1467065868263473
141,59,0,343,lv3,3,0.17201166180758018
67,35,11,282,lv3,3,0.12411347517730496
138,40,0,336,lv3,3,0.11904761904761904
19,38,0,262,lv3,3,0.1450381679389313
99,30,7,232,lv3,3,0.12931034482758622
11,45,0,329,lv3,3,0.13677811550151975
44,42,2,278,lv3,3,0.1510791366906475
59,34,8,272,lv3,3,0.125
111,45,0,248,lv3,3,0.1814516129032258
31,33,17,231,lv3,3,0.14285714285714285
131,21,2,184,lv3,3,0.11413043478260869
107,32,10,229,lv3,3,0.13973799126637554
76,32,22,268,lv3,3,0.11940298507462686
72,32,0,348,lv3,3,0.09195402298850575
115,12,0,170,lv3,3,0.07058823529411765
15,43,0,316,lv3,3,0.1360759493670886
91,41,17,338,lv3,3,0.12130177514792899
132,9,0,61,lv3,3,0.14754098360655737
65,41,2,267,lv3,3,0.15355805243445692
148,31,1,285,lv3,3,0.10877192982456141
1,25,4,280,lv3,3,0.08928571428571429
50,30,2,352,lv3,3,0.08522727272727272
27,27,3,305,lv3,3,0.08852459016393442
51,22,4,190,lv3,3,0.11578947368421053
49,27,7,254,lv3,3,0.1062992125984252
39,19,17,207,lv3,3,0.09178743961352658
134,31,3,312,lv3,3,0.09935897435897435
78,42,0,314,lv3,3,0.1337579617834395
122,35,15,321,lv3,3,0.10903426791277258
121,31,3,259,lv3,3,0.11969111969111969
100,39,0,344,lv3,3,0.11337209302325581
7,27,11,235,lv3,3,0.1148936170212766
104,41,0,297,lv3,3,0.13804713804713806
10,23,8,253,lv3,3,0.09090909090909091
119,30,15,287,lv3,3,0.10452961672473868
28,35,6,269,lv3,3,0.13011152416356878
32,40,0,338,lv3,3,0.11834319526627218
143,51,0,328,lv3,3,0.15548780487804878
42,35,1,296,lv3,3,0.11824324324324324
85,41,5,368,lv3,3,0.11141304347826086
30,41,14,338,lv3,3,0.12130177514792899
108,48,0,334,lv3,3,0.1437125748502994
86,21,0,188,lv3,3,0.11170212765957446
93,41,8,324,lv3,3,0.12654320987654322
90,24,0,212,lv3,3,0.11320754716981132
9,36,0,340,lv3,3,0.10588235294117647
144,35,0,333,lv3,3,0.10510510510510511
46,26,0,285,lv3,3,0.0912280701754386
16,41,15,346,lv3,3,0.11849710982658959
22,10,0,180,lv3,3,0.05555555555555555
3,45,0,355,lv3,3,0.1267605633802817
13,29,1,315,lv3,3,0.09206349206349207
109,31,0,250,lv3,3,0.124
34,31,21,325,lv3,3,0.09538461538461539
70,29,10,263,lv3,3,0.11026615969581749
60,6,5,50,lv3,3,0.12
94,44,0,332,lv3,3,0.13253012048192772
5,41,16,336,lv3,3,0.12202380952380952
98,34,0,330,lv3,3,0.10303030303030303
18,40,4,348,lv3,3,0.11494252873563218
95,8,3,98,lv3,3,0.08163265306122448
137,32,16,252,lv3,3,0.12698412698412698
110,35,0,279,lv3,3,0.12544802867383512
8,33,6,345,lv3,3,0.09565217391304348
66,37,0,332,lv3,3,0.11144578313253012
26,39,25,329,lv3,3,0.11854103343465046
41,24,2,221,lv3,3,0.1085972850678733
36,34,4,333,lv3,3,0.1021021021021021
80,30,16,264,lv3,3,0.11363636363636363
83,52,0,324,lv3,3,0.16049382716049382
17,34,2,296,lv3,3,0.11486486486486487
6,45,0,331,lv3,3,0.13595166163141995
96,40,5,348,lv3,3,0.11494252873563218
40,30,19,314,lv3,3,0.09554140127388536
103,41,0,320,lv3,3,0.128125
145,23,0,268,lv3,3,0.08582089552238806
37,33,8,284,lv3,3,0.11619718309859155
64,34,0,307,lv3,3,0.11074918566775244
58,11,1,128,lv3,3,0.0859375
88,35,1,300,lv3,3,0.11666666666666667
113,36,0,270,lv3,3,0.13333333333333333
106,35,0,268,lv3,3,0.13059701492537312
123,31,0,320,lv3,3,0.096875
146,28,5,262,lv3,3,0.10687022900763359
57,42,0,338,lv3,3,0.1242603550295858
89,23,0,357,lv3,3,0.06442577030812324
73,26,17,243,lv3,3,0.10699588477366255
92,19,0,177,lv3,3,0.10734463276836158
128,32,0,307,lv3,3,0.10423452768729642
127,40,0,318,lv3,3,0.12578616352201258
2,38,5,338,lv3,3,0.11242603550295859
136,27,0,317,lv3,3,0.08517350157728706
82,26,0,236,lv3,3,0.11016949152542373
77,35,0,268,lv3,3,0.13059701492537312
71,45,8,371,lv3,3,0.12129380053908356
124,10,7,132,lv3,3,0.07575757575757576
139,30,0,211,lv3,3,0.14218009478672985
133,44,14,321,lv3,3,0.13707165109034267
79,40,0,343,lv3,3,0.11661807580174927
125,18,5,126,lv3,3,0.14285714285714285
126,49,0,342,lv3,3,0.14327485380116958
56,32,25,300,lv3,3,0.10666666666666667
130,46,1,357,lv3,3,0.12885154061624648
20,25,0,234,lv3,3,0.10683760683760683
24,46,7,288,lv3,3,0.1597222222222222
101,28,0,265,lv3,3,0.10566037735849057
129,34,1,305,lv3,3,0.11147540983606558
74,40,41,330,lv3,3,0.12121212121212122
68,41,2,348,lv3,3,0.11781609195402298
55,37,2,325,lv3,3,0.11384615384615385
140,15,0,169,lv3,3,0.08875739644970414
61,37,0,304,lv3,3,0.12171052631578948
14,17,0,154,lv3,3,0.11038961038961038
118,19,0,200,lv3,3,0.095
87,34,5,325,lv3,3,0.10461538461538461
105,40,3,343,lv3,3,0.11661807580174927
47,10,0,101,lv3,3,0.09900990099009901
135,44,0,408,lv3,3,0.10784313725490197
125,2,0,126,lv4,1,0.015873015873015872
119,16,12,287,lv4,1,0.05574912891986063
133,13,11,321,lv4,1,0.040498442367601244
114,13,0,335,lv4,1,0.03880597014925373
26,9,15,329,lv4,1,0.02735562310030395
149,12,6,328,lv4,1,0.036585365853658534
98,11,0,330,lv4,1,0.03333333333333333
97,14,6,320,lv4,1,0.04375
108,10,0,334,lv4,1,0.029940119760479042
126,8,0,342,lv4,1,0.023391812865497075
89,13,0,357,lv4,1,0.036414565826330535
116,6,4,140,lv4,1,0.04285714285714286
113,11,0,270,lv4,1,0.040740740740740744
72,11,0,348,lv4,1,0.031609195402298854
148,13,1,285,lv4,1,0.0456140350877193
117,6,0,291,lv4,1,0.020618556701030927
22,8,0,180,lv4,1,0.044444444444444446
110,11,0,279,lv4,1,0.03942652329749104
36,11,3,333,lv4,1,0.03303303303303303
55,11,1,325,lv4,1,0.033846153846153845
30,10,8,338,lv4,1,0.029585798816568046
69,5,2,122,lv4,1,0.040983606557377046
104,16,0,297,lv4,1,0.05387205387205387
50,11,1,352,lv4,1,0.03125
93,7,5,324,lv4,1,0.021604938271604937
145,13,0,268,lv4,1,0.048507462686567165
17,6,1,296,lv4,1,0.02027027027027027
143,14,0,328,lv4,1,0.042682926829268296
34,14,12,325,lv4,1,0.043076923076923075
78,6,0,314,lv4,1,0.01910828025477707
150,10,1,334,lv4,1,0.029940119760479042
128,19,0,307,lv4,1,0.06188925081433225
37,6,4,284,lv4,1,0.02112676056338028
49,9,5,254,lv4,1,0.03543307086614173
77,12,0,268,lv4,1,0.04477611940298507
61,10,0,304,lv4,1,0.03289473684210526
19,4,0,262,lv4,1,0.015267175572519083
121,15,2,259,lv4,1,0.05791505791505792
90,8,0,212,lv4,1,0.03773584905660377
146,16,3,262,lv4,1,0.061068702290076333
112,6,0,162,lv4,1,0.037037037037037035
132,3,0,61,lv4,1,0.04918032786885246
57,13,0,338,lv4,1,0.038461538461538464
47,3,0,101,lv4,1,0.0297029702970297
58,6,1,128,lv4,1,0.046875
29,10,0,335,lv4,1,0.029850746268656716
32,10,0,338,lv4,1,0.029585798816568046
65,13,2,267,lv4,1,0.04868913857677903
91,11,11,338,lv4,1,0.03254437869822485
84,14,0,242,lv4,1,0.05785123966942149
111,10,0,248,lv4,1,0.04032258064516129
70,14,7,263,lv4,1,0.053231939163498096
42,11,1,296,lv4,1,0.037162162162162164
14,10,0,154,lv4,1,0.06493506493506493
62,10,1,264,lv4,1,0.03787878787878788
59,12,7,272,lv4,1,0.04411764705882353
0,8,0,177,lv4,1,0.04519774011299435
43,11,1,278,lv4,1,0.039568345323741004
83,8,0,324,lv4,1,0.024691358024691357
94,16,0,332,lv4,1,0.04819277108433735
134,12,5,312,lv4,1,0.038461538461538464
45,5,0,200,lv4,1,0.025
102,11,1,374,lv4,1,0.029411764705882353
124,8,8,132,lv4,1,0.06060606060606061
52,11,1,324,lv4,1,0.033950617283950615
56,7,12,300,lv4,1,0.023333333333333334
27,8,2,305,lv4,1,0.02622950819672131
137,9,8,252,lv4,1,0.03571428571428571
130,13,1,357,lv4,1,0.036414565826330535
28,8,5,269,lv4,1,0.02973977695167286
35,13,10,344,lv4,1,0.0377906976744186
73,13,10,243,lv4,1,0.053497942386831275
95,3,2,98,lv4,1,0.030612244897959183
80,10,6,264,lv4,1,0.03787878787878788
23,7,0,311,lv4,1,0.022508038585209004
48,10,5,349,lv4,1,0.02865329512893983
131,9,2,184,lv4,1,0.04891304347826087
122,10,9,321,lv4,1,0.03115264797507788
74,15,16,330,lv4,1,0.045454545454545456
46,15,0,285,lv4,1,0.05263157894736842
99,13,4,232,lv4,1,0.05603448275862069
82,17,0,236,lv4,1,0.07203389830508475
51,8,3,190,lv4,1,0.042105263157894736
88,8,1,300,lv4,1,0.02666666666666667
38,18,14,355,lv4,1,0.05070422535211268
1,12,4,280,lv4,1,0.04285714285714286
86,4,0,188,lv4,1,0.02127659574468085
12,12,2,303,lv4,1,0.039603960396039604
66,10,0,332,lv4,1,0.030120481927710843
109,7,0,250,lv4,1,0.028
11,15,0,329,lv4,1,0.04559270516717325
96,15,4,348,lv4,1,0.04310344827586207
15,15,0,316,lv4,1,0.04746835443037975
135,11,0,408,lv4,1,0.02696078431372549
41,11,2,221,lv4,1,0.049773755656108594
105,20,2,343,lv4,1,0.05830903790087463
67,12,7,282,lv4,1,0.0425531914893617
10,8,5,253,lv4,1,0.03162055335968379
2,12,6,338,lv4,1,0.03550295857988166
7,11,7,235,lv4,1,0.04680851063829787
100,18,0,344,lv4,1,0.05232558139534884
101,13,0,265,lv4,1,0.04905660377358491
92,8,0,177,lv4,1,0.04519774011299435
71,18,7,371,lv4,1,0.04851752021563342
147,11,0,328,lv4,1,0.03353658536585366
39,9,6,207,lv4,1,0.043478260869565216
103,7,0,320,lv4,1,0.021875
31,11,7,231,lv4,1,0.047619047619047616
138,15,0,336,lv4,1,0.044642857142857144
118,6,0,200,lv4,1,0.03
75,10,0,302,lv4,1,0.033112582781456956
115,6,0,170,lv4,1,0.03529411764705882
54,5,1,310,lv4,1,0.016129032258064516
79,10,0,343,lv4,1,0.029154518950437316
144,12,0,333,lv4,1,0.036036036036036036
120,8,4,144,lv4,1,0.05555555555555555
107,8,7,229,lv4,1,0.034934497816593885
140,10,0,169,lv4,1,0.05917159763313609
53,9,1,114,lv4,1,0.07894736842105263
16,11,10,346,lv4,1,0.031791907514450865
123,12,0,320,lv4,1,0.0375
5,9,8,336,lv4,1,0.026785714285714284
85,13,2,368,lv4,1,0.035326086956521736
64,13,0,307,lv4,1,0.04234527687296417
63,16,19,342,lv4,1,0.04678362573099415
129,7,1,305,lv4,1,0.022950819672131147
40,11,9,314,lv4,1,0.03503184713375796
127,10,0,318,lv4,1,0.031446540880503145
4,18,0,332,lv4,1,0.05421686746987952
24,7,4,288,lv4,1,0.024305555555555556
68,7,2,348,lv4,1,0.020114942528735632
3,15,0,355,lv4,1,0.04225352112676056
87,18,5,325,lv4,1,0.055384615384615386
142,10,0,342,lv4,1,0.029239766081871343
25,7,9,290,lv4,1,0.02413793103448276
33,4,2,62,lv4,1,0.06451612903225806
139,10,0,211,lv4,1,0.04739336492890995
9,17,0,340,lv4,1,0.05
13,10,1,315,lv4,1,0.031746031746031744
20,2,0,234,lv4,1,0.008547008547008548
60,0,2,50,lv4,1,0
136,14,0,317,lv4,1,0.04416403785488959
21,8,0,326,lv4,1,0.024539877300613498
44,9,1,278,lv4,1,0.03237410071942446
76,3,9,268,lv4,1,0.011194029850746268
6,10,0,331,lv4,1,0.030211480362537766
81,15,0,334,lv4,1,0.04491017964071856
141,16,0,343,lv4,1,0.04664723032069971
8,13,6,345,lv4,1,0.03768115942028986
18,13,4,348,lv4,1,0.03735632183908046
106,11,0,268,lv4,1,0.041044776119402986
99,10,5,232,lv4,2,0.04310344827586207
144,16,0,333,lv4,2,0.04804804804804805
114,17,0,335,lv4,2,0.050746268656716415
123,14,0,320,lv4,2,0.04375
3,21,0,355,lv4,2,0.059154929577464786
64,10,0,307,lv4,2,0.03257328990228013
135,13,0,408,lv4,2,0.031862745098039214
115,10,0,170,lv4,2,0.058823529411764705
63,17,11,342,lv4,2,0.049707602339181284
22,5,0,180,lv4,2,0.027777777777777776
73,15,11,243,lv4,2,0.06172839506172839
131,8,3,184,lv4,2,0.043478260869565216
51,5,1,190,lv4,2,0.02631578947368421
39,12,11,207,lv4,2,0.057971014492753624
47,5,0,101,lv4,2,0.04950495049504951
140,3,0,169,lv4,2,0.01775147928994083
143,10,0,328,lv4,2,0.03048780487804878
101,7,0,265,lv4,2,0.026415094339622643
60,2,2,50,lv4,2,0.04
146,10,4,262,lv4,2,0.03816793893129771
126,14,0,342,lv4,2,0.04093567251461988
138,10,0,336,lv4,2,0.02976190476190476
59,9,7,272,lv4,2,0.03308823529411765
62,7,1,264,lv4,2,0.026515151515151516
20,9,0,234,lv4,2,0.038461538461538464
142,16,0,342,lv4,2,0.04678362573099415
89,10,0,357,lv4,2,0.028011204481792718
92,6,0,177,lv4,2,0.03389830508474576
136,13,0,317,lv4,2,0.04100946372239748
100,17,0,344,lv4,2,0.04941860465116279
38,16,13,355,lv4,2,0.04507042253521127
117,10,0,291,lv4,2,0.03436426116838488
120,5,4,144,lv4,2,0.034722222222222224
9,13,0,340,lv4,2,0.03823529411764706
55,13,1,325,lv4,2,0.04
149,6,6,328,lv4,2,0.018292682926829267
11,9,0,329,lv4,2,0.02735562310030395
46,7,0,285,lv4,2,0.02456140350877193
94,12,0,332,lv4,2,0.03614457831325301
107,10,5,229,lv4,2,0.043668122270742356
0,5,0,177,lv4,2,0.02824858757062147
36,7,3,333,lv4,2,0.021021021021021023
72,10,0,348,lv4,2,0.028735632183908046
87,8,4,325,lv4,2,0.024615384615384615
110,6,0,279,lv4,2,0.021505376344086023
70,10,4,263,lv4,2,0.03802281368821293
34,8,12,325,lv4,2,0.024615384615384615
121,11,2,259,lv4,2,0.04247104247104247
28,11,5,269,lv4,2,0.040892193308550186
50,16,1,352,lv4,2,0.045454545454545456
8,9,6,345,lv4,2,0.02608695652173913
52,10,1,324,lv4,2,0.030864197530864196
12,17,2,303,lv4,2,0.056105610561056105
112,6,0,162,lv4,2,0.037037037037037035
98,19,0,330,lv4,2,0.05757575757575758
45,5,0,200,lv4,2,0.025
139,8,0,211,lv4,2,0.037914691943127965
148,13,1,285,lv4,2,0.0456140350877193
82,9,0,236,lv4,2,0.038135593220338986
37,17,6,284,lv4,2,0.05985915492957746
84,12,0,242,lv4,2,0.049586776859504134
88,11,1,300,lv4,2,0.03666666666666667
97,10,3,320,lv4,2,0.03125
53,5,1,114,lv4,2,0.043859649122807015
29,10,0,335,lv4,2,0.029850746268656716
49,7,4,254,lv4,2,0.027559055118110236
25,8,11,290,lv4,2,0.027586206896551724
111,7,0,248,lv4,2,0.028225806451612902
77,8,0,268,lv4,2,0.029850746268656716
113,3,0,270,lv4,2,0.011111111111111112
80,6,6,264,lv4,2,0.022727272727272728
17,15,2,296,lv4,2,0.05067567567567568
31,3,4,231,lv4,2,0.012987012987012988
141,16,0,343,lv4,2,0.04664723032069971
150,7,1,334,lv4,2,0.020958083832335328
13,12,1,315,lv4,2,0.0380952380952381
132,1,0,61,lv4,2,0.01639344262295082
147,13,0,328,lv4,2,0.039634146341463415
124,5,3,132,lv4,2,0.03787878787878788
74,12,19,330,lv4,2,0.03636363636363636
68,17,2,348,lv4,2,0.04885057471264368
118,7,0,200,lv4,2,0.035
27,12,2,305,lv4,2,0.03934426229508197
127,8,0,318,lv4,2,0.025157232704402517
119,11,9,287,lv4,2,0.03832752613240418
23,15,0,311,lv4,2,0.04823151125401929
16,14,10,346,lv4,2,0.04046242774566474
93,14,8,324,lv4,2,0.043209876543209874
108,12,0,334,lv4,2,0.03592814371257485
48,12,5,349,lv4,2,0.034383954154727794
95,6,3,98,lv4,2,0.061224489795918366
91,12,9,338,lv4,2,0.03550295857988166
6,18,0,331,lv4,2,0.054380664652567974
21,11,0,326,lv4,2,0.03374233128834356
42,15,1,296,lv4,2,0.05067567567567568
66,8,0,332,lv4,2,0.024096385542168676
19,11,0,262,lv4,2,0.04198473282442748
109,11,0,250,lv4,2,0.044
14,4,0,154,lv4,2,0.025974025974025976
78,16,0,314,lv4,2,0.050955414012738856
134,14,5,312,lv4,2,0.04487179487179487
76,10,11,268,lv4,2,0.03731343283582089
30,7,9,338,lv4,2,0.020710059171597635
43,9,1,278,lv4,2,0.03237410071942446
44,13,1,278,lv4,2,0.046762589928057555
104,13,0,297,lv4,2,0.04377104377104377
86,3,0,188,lv4,2,0.015957446808510637
26,10,10,329,lv4,2,0.030395136778115502
67,5,8,282,lv4,2,0.01773049645390071
18,12,3,348,lv4,2,0.034482758620689655
81,17,0,334,lv4,2,0.05089820359281437
90,10,0,212,lv4,2,0.04716981132075472
56,7,9,300,lv4,2,0.023333333333333334
40,9,9,314,lv4,2,0.028662420382165606
125,1,1,126,lv4,2,0.007936507936507936
35,17,9,344,lv4,2,0.04941860465116279
10,8,6,253,lv4,2,0.03162055335968379
58,6,1,128,lv4,2,0.046875
116,10,4,140,lv4,2,0.07142857142857142
69,5,2,122,lv4,2,0.040983606557377046
106,7,0,268,lv4,2,0.026119402985074626
33,3,5,62,lv4,2,0.04838709677419355
105,23,2,343,lv4,2,0.06705539358600583
75,10,0,302,lv4,2,0.033112582781456956
79,10,0,343,lv4,2,0.029154518950437316
145,9,0,268,lv4,2,0.033582089552238806
85,18,2,368,lv4,2,0.04891304347826087
137,8,10,252,lv4,2,0.031746031746031744
1,9,4,280,lv4,2,0.03214285714285714
7,7,5,235,lv4,2,0.029787234042553193
102,14,1,374,lv4,2,0.0374331550802139
83,7,0,324,lv4,2,0.021604938271604937
41,12,2,221,lv4,2,0.05429864253393665
32,15,0,338,lv4,2,0.04437869822485207
61,9,0,304,lv4,2,0.029605263157894735
2,15,6,338,lv4,2,0.04437869822485207
96,11,4,348,lv4,2,0.031609195402298854
65,16,2,267,lv4,2,0.0599250936329588
24,11,6,288,lv4,2,0.03819444444444445
133,11,7,321,lv4,2,0.03426791277258567
130,16,1,357,lv4,2,0.04481792717086835
5,11,12,336,lv4,2,0.03273809523809524
54,12,1,310,lv4,2,0.03870967741935484
128,12,0,307,lv4,2,0.03908794788273615
15,12,0,316,lv4,2,0.0379746835443038
122,11,10,321,lv4,2,0.03426791277258567
4,14,0,332,lv4,2,0.04216867469879518
57,8,0,338,lv4,2,0.023668639053254437
103,22,0,320,lv4,2,0.06875
129,7,1,305,lv4,2,0.022950819672131147
71,13,7,371,lv4,2,0.03504043126684636
117,18,0,291,lv4,3,0.061855670103092786
97,10,6,320,lv4,3,0.03125
84,10,0,242,lv4,3,0.04132231404958678
75,17,0,302,lv4,3,0.056291390728476824
63,10,9,342,lv4,3,0.029239766081871343
38,8,8,355,lv4,3,0.022535211267605635
4,15,0,332,lv4,3,0.045180722891566265
112,4,0,162,lv4,3,0.024691358024691357
69,3,2,122,lv4,3,0.02459016393442623
43,9,1,278,lv4,3,0.03237410071942446
102,18,1,374,lv4,3,0.0481283422459893
114,20,0,335,lv4,3,0.05970149253731343
142,13,0,342,lv4,3,0.038011695906432746
35,18,9,344,lv4,3,0.05232558139534884
45,11,0,200,lv4,3,0.055
120,3,1,144,lv4,3,0.020833333333333332
52,6,1,324,lv4,3,0.018518518518518517
53,3,1,114,lv4,3,0.02631578947368421
12,5,2,303,lv4,3,0.0165016501650165
149,10,7,328,lv4,3,0.03048780487804878
48,13,3,349,lv4,3,0.03724928366762178
23,9,0,311,lv4,3,0.028938906752411574
0,8,0,177,lv4,3,0.04519774011299435
116,2,3,140,lv4,3,0.014285714285714285
62,4,1,264,lv4,3,0.015151515151515152
81,9,0,334,lv4,3,0.02694610778443114
29,14,0,335,lv4,3,0.041791044776119404
147,10,0,328,lv4,3,0.03048780487804878
21,14,0,326,lv4,3,0.04294478527607362
33,1,3,62,lv4,3,0.016129032258064516
25,10,7,290,lv4,3,0.034482758620689655
54,15,1,310,lv4,3,0.04838709677419355
150,16,1,334,lv4,3,0.04790419161676647
141,7,0,343,lv4,3,0.02040816326530612
67,15,9,282,lv4,3,0.05319148936170213
138,14,0,336,lv4,3,0.041666666666666664
19,18,0,262,lv4,3,0.06870229007633588
99,9,4,232,lv4,3,0.03879310344827586
11,11,0,329,lv4,3,0.03343465045592705
44,11,2,278,lv4,3,0.039568345323741004
59,12,5,272,lv4,3,0.04411764705882353
111,9,0,248,lv4,3,0.036290322580645164
31,10,9,231,lv4,3,0.04329004329004329
131,6,3,184,lv4,3,0.03260869565217391
107,8,8,229,lv4,3,0.034934497816593885
76,12,8,268,lv4,3,0.04477611940298507
72,11,0,348,lv4,3,0.031609195402298854
115,9,0,170,lv4,3,0.052941176470588235
15,6,0,316,lv4,3,0.0189873417721519
91,9,8,338,lv4,3,0.026627218934911243
132,1,0,61,lv4,3,0.01639344262295082
65,4,2,267,lv4,3,0.0149812734082397
148,10,1,285,lv4,3,0.03508771929824561
1,11,4,280,lv4,3,0.039285714285714285
50,13,1,352,lv4,3,0.036931818181818184
27,10,1,305,lv4,3,0.03278688524590164
51,5,4,190,lv4,3,0.02631578947368421
49,14,6,254,lv4,3,0.05511811023622047
39,12,9,207,lv4,3,0.057971014492753624
134,10,2,312,lv4,3,0.03205128205128205
78,11,0,314,lv4,3,0.03503184713375796
122,14,12,321,lv4,3,0.04361370716510903
121,10,2,259,lv4,3,0.03861003861003861
100,14,0,344,lv4,3,0.040697674418604654
7,8,6,235,lv4,3,0.03404255319148936
104,9,0,297,lv4,3,0.030303030303030304
10,9,3,253,lv4,3,0.03557312252964427
119,11,8,287,lv4,3,0.03832752613240418
28,9,3,269,lv4,3,0.03345724907063197
32,13,0,338,lv4,3,0.038461538461538464
143,11,0,328,lv4,3,0.03353658536585366
42,13,1,296,lv4,3,0.04391891891891892
85,6,2,368,lv4,3,0.016304347826086956
30,15,12,338,lv4,3,0.04437869822485207
108,13,0,334,lv4,3,0.038922155688622756
86,6,0,188,lv4,3,0.031914893617021274
93,12,5,324,lv4,3,0.037037037037037035
90,15,0,212,lv4,3,0.07075471698113207
9,9,0,340,lv4,3,0.026470588235294117
144,11,0,333,lv4,3,0.03303303303303303
46,7,0,285,lv4,3,0.02456140350877193
16,13,9,346,lv4,3,0.03757225433526012
22,9,0,180,lv4,3,0.05
3,15,0,355,lv4,3,0.04225352112676056
13,11,1,315,lv4,3,0.03492063492063492
109,11,0,250,lv4,3,0.044
34,17,20,325,lv4,3,0.052307692307692305
70,12,7,263,lv4,3,0.045627376425855515
60,5,2,50,lv4,3,0.1
94,10,0,332,lv4,3,0.030120481927710843
5,9,8,336,lv4,3,0.026785714285714284
98,9,0,330,lv4,3,0.02727272727272727
18,18,4,348,lv4,3,0.05172413793103448
95,2,3,98,lv4,3,0.02040816326530612
137,10,9,252,lv4,3,0.03968253968253968
110,4,0,279,lv4,3,0.014336917562724014
8,7,5,345,lv4,3,0.020289855072463767
66,10,0,332,lv4,3,0.030120481927710843
26,19,16,329,lv4,3,0.057750759878419454
41,9,2,221,lv4,3,0.04072398190045249
36,17,3,333,lv4,3,0.05105105105105105
80,13,7,264,lv4,3,0.04924242424242424
83,15,0,324,lv4,3,0.046296296296296294
17,16,2,296,lv4,3,0.05405405405405406
6,19,0,331,lv4,3,0.05740181268882175
96,11,3,348,lv4,3,0.031609195402298854
40,4,5,314,lv4,3,0.012738853503184714
103,10,0,320,lv4,3,0.03125
145,6,0,268,lv4,3,0.022388059701492536
37,8,5,284,lv4,3,0.028169014084507043
64,8,0,307,lv4,3,0.026058631921824105
58,5,1,128,lv4,3,0.0390625
88,14,1,300,lv4,3,0.04666666666666667
113,7,0,270,lv4,3,0.025925925925925925
106,7,0,268,lv4,3,0.026119402985074626
123,12,0,320,lv4,3,0.0375
146,7,4,262,lv4,3,0.026717557251908396
57,14,0,338,lv4,3,0.04142011834319527
89,17,0,357,lv4,3,0.047619047619047616
73,5,5,243,lv4,3,0.0205761316872428
92,9,0,177,lv4,3,0.05084745762711865
128,14,0,307,lv4,3,0.04560260586319218
127,13,0,318,lv4,3,0.040880503144654086
2,6,4,338,lv4,3,0.01775147928994083
136,12,0,317,lv4,3,0.03785488958990536
82,7,0,236,lv4,3,0.029661016949152543
77,10,0,268,lv4,3,0.03731343283582089
71,13,5,371,lv4,3,0.03504043126684636
124,5,4,132,lv4,3,0.03787878787878788
139,6,0,211,lv4,3,0.02843601895734597
133,14,10,321,lv4,3,0.04361370716510903
79,18,0,343,lv4,3,0.052478134110787174
125,8,3,126,lv4,3,0.06349206349206349
126,10,0,342,lv4,3,0.029239766081871343
56,14,14,300,lv4,3,0.04666666666666667
130,12,1,357,lv4,3,0.03361344537815126
20,9,0,234,lv4,3,0.038461538461538464
24,14,7,288,lv4,3,0.04861111111111111
101,11,0,265,lv4,3,0.04150943396226415
129,8,1,305,lv4,3,0.02622950819672131
74,15,17,330,lv4,3,0.045454545454545456
68,13,2,348,lv4,3,0.03735632183908046
55,9,1,325,lv4,3,0.027692307692307693
140,7,0,169,lv4,3,0.04142011834319527
61,15,0,304,lv4,3,0.049342105263157895
14,7,0,154,lv4,3,0.045454545454545456
118,7,0,200,lv4,3,0.035
87,16,4,325,lv4,3,0.04923076923076923
105,10,2,343,lv4,3,0.029154518950437316
47,2,0,101,lv4,3,0.019801980198019802
135,12,0,408,lv4,3,0.029411764705882353
